,BILBERRY,ALL_MARKETED_MUSHROOMS,scenic,CARBON_SOIL_Update,BM_total,DEAD_WOOD_DIVERSITY,LESSER_SPOTTED_WOODPECKER,THREE_TOED_WOODPECKER,SIBERIAN_FLYING_SQUIRREL,LONG_TAILED_TIT,CAPERCAILLIE,HAZEL_GROUSE,HSI_RL_S1,HSI_RL_S2,HSI_RL_S3,HSI_RL_S4,HSI_RL_S5,HSI_RL_S6,HSI_RL_S7,HSI_RL_S8,HSI_RL_S9,HSI_RL_S10,HSI_RL_S11,HSI_RL_S12,HSI_RL_S13,HSI_RL_S14,HSI_RL_S15,HSI_RL_S16,HSI_RL_S17,HSI_RL_S18,HSI_RL_S19,HSI_RL_S20,HSI_RL_S21,HSI_RL_S22,HSI_RL_S23,HSI_RL_S24,HSI_RL_S25,HSI_RL_S26,HSI_RL_S27,NPV,MF,SA_O,INT_O,EXT_O,SA,Selectioncut3Selectioncut,Selectioncut4Selectioncut,Longrotationharvest10Longrotationclearcut,Longrotationthinning30Thinninglongrotation,Selectioncut1Selectioncut,Longrotationthinning10Thinninglongrotation,TapioharvestwithoutthinningsTapioclearcut,Longrotationharvest30Longrotationclearcut,Longrotationthinning15Thinninglongrotation,Selectioncut2Selectioncut,Longrotationharvest15Longrotationclearcut,Tapioharvestwithoutthinningsm20Tapioclearcut,Shortrotationthinning5Thinninglongrotation,Shortrotationharvest5shortrotationclearcut,TapiothinningThinningTapio,Longrotationthinning5Thinninglongrotation,Longrotationharvest5Longrotationclearcut,TapioharvestTapioclearcut,TapiothinningnatureThinningTapio,TapioharvestnaturesceneTapioclearcutwithnaturescene,Tapioharvestwithoutthinnings10Tapioclearcut
0,0.46209591995023225,0.1857881801717709,0.9235026382946795,0.9416573311180443,0.9913525302980845,0.9914776560790752,0.5176156180868621,0.7699086811532188,0.914999551945943,0.353638222502873,0.761310067012422,0.4179202307181488,0.9857381183016547,0.10198040619538733,0.12726163509079041,0.9612350279614873,0.991619382340795,0.954680902906492,0.992040234436979,0.9802083261544149,0.9683129566144044,0.10714069125354908,0.9989689011652954,0.9904744673505786,0.9881844237719828,0.9654554630405103,0.9693132412911002,0.9904744673505786,0.9892594108620751,0.9509191229876165,0.9882097281310723,0.9904032578079853,0.9927734830482015,0.9902153516670595,0.9983588766812693,0.9355452914339534,0.12459947321203328,0.9978896794349629,0.9558207791032076,1870404.9,1.533694,1.0,0.0,0.0,2242.7200009394437,0.0,0.0,0.0,0.0,0.0,0.0,0.0,0.0,0.0,0.0,0.0,0.0,0.0,0.0,0.0,0.0,0.0,0.0,0.0,0.0,0.0
1,0.6018690117563332,0.439548390838618,0.6429526472700425,0.5402756371367785,0.48390287134169885,0.09019141058898748,0.6149397142354572,0.5990945403096366,0.4818255029491896,0.48182550294196114,0.4818255029412237,0.5003966119246285,0.17994497885412317,0.4032131388083735,0.39074670632689074,0.2512410215437607,0.15378352588112437,0.28338915521491664,0.21620984829499035,0.21116395335272878,0.1806866183979703,0.4092222299590037,0.16399366339980181,0.1576290609634849,0.1984721494932599,0.21348247677635165,0.20744703807454304,0.1576290609634849,0.15742802317544932,0.4512810418312288,0.16519096414274279,0.1931832071251925,0.20165660957033538,0.19815343557693668,0.1605532580604378,0.42901044434740004,0.34286701511524453,0.18170214951754587,0.29779559707981396,11322695.0,1.2483939,0.028617036552411535,0.0,0.9713829634471203,64.18000024370849,426.7399980873191,1035.7698275599232,26.59999990463257,51.53644793517817,0.0,4.100000023841858,33.95000043511391,315.15355317629945,4.830000057816505,0.0,215.9099998474121,5.280173337566705,0.0,0.0,0.0,0.2199999988079071,0.0,0.0,2.0,0.0,56.45000033080578
2,0.5240049766914732,0.4857395736932043,0.5427071103063947,0.5091384580134698,0.2119543543668464,0.07131827254840865,0.64051918745799,0.41893166456932807,0.221763274309495,0.46313589374159553,0.22176327430187964,0.5920142203945316,0.14683029361450767,0.6173010780470709,0.5570161246229507,0.25893894867558215,0.07559135421592247,0.3020555934970082,0.1741705246935235,0.1749938202312905,0.14699592588489016,0.6110719663717582,0.11266956795316503,0.10386285237554119,0.16372340019790824,0.1716883792097653,0.20100398427892438,0.10386285237554119,0.10826342694984506,0.44063540986018374,0.1202700494344978,0.14532803978502684,0.14279863103027046,0.16077039848743677,0.11861421554178814,0.42637863444760205,0.5287811426314938,0.16237842340974432,0.3167573800249118,14331313.0,0.20707967,0.02814439621285264,0.9718556037871472,0.0,63.12000030092895,0.0,0.0,0.0,0.0,731.2578547562729,0.0,0.0,0.0,0.0,895.0200015977025,0.0,0.0,2.969999998807907,1.6900000125169754,34.75000024586916,0.0,472.89214337593586,15.970000237226486,0.0,25.05000041425228,0.0
3,0.6006697153333443,0.4493372657239656,0.643969339620929,0.5438873281978912,0.47968594468005804,0.0902142792482524,0.6224468951288065,0.5927903321895954,0.4807671561483571,0.48076715614359994,0.4807671561565081,0.5057251612077669,0.1796932708211331,0.41714147256190026,0.4003617685596986,0.25193314649988485,0.15169075170887636,0.2836671147795532,0.2172808421268144,0.21244512300863422,0.17900372839810078,0.4221547015494807,0.16293789264131983,0.15600490835656664,0.19906646465208827,0.21265326366925183,0.20914944353286863,0.15600490835656664,0.15615225329521382,0.4529386850541897,0.16338115858220167,0.1939490053472829,0.20165283811396753,0.19863562712646696,0.15984185712527732,0.43139916776649295,0.35393635743779933,0.1813389548503068,0.2981370358986247,11659816.0,1.2548166,0.02814439621285264,0.09999999998908457,0.8718556037954409,63.12000030092895,277.356394522024,988.444589513885,26.59999990463257,50.6600004658103,139.94199993714182,4.100000023841858,22.93000030517578,310.8970155560114,2.0900000482797623,67.73999999463558,215.9099998474121,4.1000000685453415,0.0,0.14000000059604645,0.5600000023841858,0.2199999988079071,15.890000134706497,0.0,1.4399999976158142,0.0,50.580000311136246
4,0.5137469221160882,0.49489408007721297,0.5585279757621394,0.5427000689326923,0.3330732945190279,0.07891687600996501,0.6271622659185169,0.4737778602650212,0.3710859146561683,0.4329739989689916,0.3710859146631736,0.5790062295353544,0.1609111695317097,0.5429976818663574,0.5003262854559037,0.2538982459081278,0.10165406315860959,0.2891539226312041,0.19124228270559668,0.19489650159962607,0.15653664190987363,0.5422289724863,0.13109002182436805,0.12241458361997559,0.17648355283579908,0.18704251820397058,0.20660140587909628,0.12241458361997559,0.12495965201290546,0.43953632365007655,0.13149052178288154,0.16496655619794126,0.16436011912817158,0.174580406284429,0.1336376876050277,0.4202784383533587,0.47081808758647575,0.16497324185963383,0.30343089235648846,13828143.0,0.66725114,0.02814439621285264,0.8718556037873116,0.0999999999998357,63.12000030092895,4.629999995231628,50.05121426811453,0.20000000298023224,7.6399999633431435,693.5992121221796,0.0,3.8100000619888306,122.68078588599835,0.14000000059604645,828.4487875274974,19.65999998152256,2.5799999982118607,2.969999998807907,1.6900000125169754,28.11000031232834,0.0,362.1899998933077,15.590000241994858,0.0,22.730000436306,12.879999935626984
5,0.5491646441724747,0.2500141871352029,0.8946021721697623,0.9294590403483781,0.9001212284000284,0.7883873783974982,0.5737656674548296,0.7834425510409553,0.732341512094365,0.4442515532525414,0.742550335398952,0.4442515532533594,0.82565122263082,0.19372662801652607,0.211316176869259,0.8269849776495648,0.8254665948205946,0.8334946262002347,0.8255094355027639,0.826645863918224,0.8144822806552499,0.2004669215272134,0.8329635014683608,0.8232725368794418,0.8215290639284499,0.8179344570237616,0.816653765134622,0.8232725368794418,0.8229087261436984,0.864703341586317,0.8283322115831397,0.8181809159917949,0.8268320610125024,0.8216739112722394,0.8367314992272756,0.8507747524621834,0.19582747238585385,0.8350625289040583,0.8358184809551165,3986675.1,1.9565018,0.9000000000008591,0.0,0.09999999999914057,2018.448000847426,124.05964113892895,90.84235894842966,0.0,0.0,0.0,0.0,0.25,2.748622378183937e-11,0.0,0.0,0.0,0.0,0.0,0.0,0.0,0.0,0.0,0.0,0.0,0.0,9.120000004768372
6,0.5270576286517379,0.2398827118709381,0.8915823293551625,0.9313970121139775,0.8971019482903436,0.8284412792288989,0.5620281469259069,0.7724482569068135,0.7323521045199975,0.4238119142557597,0.7281181207327867,0.42381191425274056,0.8610706826853547,0.19885025353432292,0.212692722794627,0.8512651979045722,0.8560709531902037,0.8575911433097887,0.854630285500426,0.8546882757647396,0.8491780852630133,0.20357940526158566,0.863287021166536,0.8568280325230776,0.8540673134877355,0.8454070168678538,0.8490291023779011,0.8568280325230776,0.8571154117954707,0.8817421993813555,0.8634158154167395,0.8477997030115134,0.8551719451374855,0.8539280987618773,0.8672743347820779,0.8679724485430226,0.20345445564386525,0.8671975896286856,0.8614064881568363,4528584.0,1.8831132,0.8999999999972665,0.10000000000482022,0.0,2018.448000839369,0.0,0.0,0.0,0.0,106.6900000125434,0.0,0.0,0.0,0.0,117.58200009234706,0.0,0.0,0.0,0.0,0.0,0.0,3.4301075794619094e-10,0.0,0.0,0.0,0.0
7,0.5028712808524618,0.4081649060963748,0.6810487184468778,0.6796888725934213,0.42487788701032075,0.3164750928269739,0.6763655006945285,0.5020210174809197,0.49873263475619045,0.4987326347726198,0.4987326347623129,0.57055548916741,0.3508189292007754,0.5137943129184095,0.4667074990160771,0.4889429329849316,0.2975550319956253,0.5218582988726671,0.3944933341964239,0.3916739782358746,0.3410645495848132,0.5074800063906372,0.33763115140604266,0.31517970575913373,0.37811535585281425,0.4134176221016157,0.4017490147237117,0.31517970575913373,0.3184404635158177,0.6315797083465758,0.32380420161646123,0.37000269427424887,0.3705805975296813,0.3757467037853508,0.34362536679515465,0.6262177217143631,0.44543085146222433,0.3723167861079093,0.5298879772902727,13931533.0,1.5145244,0.09999999999729639,0.9000000000027037,0.0,224.27200008788094,0.0,0.0,0.0,0.0,716.5857703338596,0.0,0.0,0.0,0.0,854.1133210927758,0.0,0.0,5.359999895095825,1.6900000125169754,31.130000293254852,0.0,372.8089086375503,14.590000212192535,0.0,22.17000037431717,0.0
8,0.6329536738638268,0.3656056760789133,0.7814716436384729,0.700650646310359,0.5737248957334343,0.30379503356740667,0.6887273510162006,0.634895391779368,0.5548495008120328,0.5548495008268804,0.5548495008224202,0.5548495008219392,0.35301141155502136,0.39387235401059956,0.3773011110617942,0.47118418530241474,0.3353634581455673,0.5053498287623841,0.3989218660064553,0.38992250774528786,0.35104725339712683,0.3958260458842504,0.3508061037375951,0.33336808268852836,0.37843118330151126,0.4225395484138343,0.385182411029098,0.33336808268852836,0.3333814626835739,0.636019295795372,0.34321393921265425,0.37716758315486965,0.389364521663587,0.3770720701780368,0.3519247302332748,0.6277727500712617,0.3333680826954844,0.3708114834863652,0.5144970733779921,11874625.0,2.0824267,0.09999999999777383,0.0,0.9000000000003028,224.2720000889517,549.3959841480065,964.7548650527608,23.95999988913536,27.10915055127736,0.0,2.8200000524520874,28.130000352859497,207.4200004339218,5.9700000286102295,0.0,170.62514035735302,1.2000000476837158,0.0,0.0,0.0,0.0,0.0,0.0,0.8600000143051147,0.0,36.20285991781251
9,0.56862258075463,0.2792439064668701,0.883871715224668,0.9218389542514628,0.8553412602874324,0.7025894549576841,0.6011008663465115,0.7818345465942902,0.6814222790353907,0.4706113033741053,0.7272053690105952,0.47061130337196344,0.7577542738434047,0.2358297919751273,0.2508372650240203,0.7692692358133859,0.7539058705743275,0.7809341946221364,0.7599730489059329,0.7644443634605043,0.7464660962297318,0.2431013029324871,0.7627368402260374,0.7517405686428921,0.7531037045759359,0.7536257348289129,0.7542532234822598,0.7517405686428921,0.7514914586342764,0.8278586672157544,0.7582096255539692,0.7491544724580689,0.7586688137372427,0.7523892435050602,0.7679681610171074,0.8155947580233143,0.23022981283644633,0.7676942088216324,0.7862194085812436,6217774.5,2.0840231,0.7999999999983882,0.0,0.19999999999705367,1794.1760007479402,260.7699995338917,177.3740006416727,0.0,0.0,0.0,0.0,0.25,0.0,0.0,0.0,0.0,1.5685848428244875e-10,0.0,0.0,0.0,0.0,0.0,0.0,0.0,0.0,10.150000005960464
10,0.5260992928834747,0.48272389872613314,0.5798946542244472,0.550706778683735,0.3813817947830261,0.08248906686223377,0.6257528751833009,0.5027067525861114,0.4250202809725518,0.43547541579249566,0.42502028094783856,0.5743459719197863,0.16638517031824948,0.5050453210136648,0.4676339177854016,0.252872840057322,0.11492258447632148,0.28533406986046445,0.20059630722608973,0.20278010384879236,0.1600249090582884,0.5059115657371523,0.1398332885980207,0.13126995535409475,0.18406284462600372,0.19516668065817408,0.2088540836925765,0.13126995535409475,0.13334190401496365,0.44299928186589255,0.1385544616705331,0.1746849701081655,0.17557190225855857,0.18205660357489842,0.1411727280931214,0.42169566321802715,0.43607236673914596,0.16853222078098234,0.2994753979713345,13479731.0,0.86377402,0.02814439621285264,0.7718556037881968,0.19999999999983334,63.12000030092895,10.729999959474823,132.2340005315815,0.7300000190734863,19.647549093660317,655.799997910883,1.5700000524520874,5.700000047683716,206.2999996729195,0.14000000059604645,748.496001374482,49.61245077014307,5.530000016093254,2.75,1.6900000125169754,20.5700002014637,0.0,266.3000003397465,15.590000241994858,0.0,19.860000371932983,16.350000023868855
11,0.5980315694096637,0.4523794233644538,0.6426960243240916,0.54533164974761,0.47678985315333855,0.09002600981865154,0.622227986582056,0.5890211094939337,0.4799445375862859,0.47994453758777156,0.47994453760013583,0.5095304396690444,0.17914074489012702,0.42033710060628005,0.4026390359889358,0.2526088214304475,0.15048002533833574,0.2841663574132061,0.216888666165674,0.21231323741287797,0.17786517752417225,0.4251329881389789,0.16232388120005045,0.15523433769461387,0.1986493742290011,0.21243654378759566,0.2092128068514281,0.15523433769461387,0.15535898897621456,0.4528186269293186,0.16247030974660978,0.19347036468984546,0.2009002477561939,0.19819978867056223,0.15930792985428374,0.43140001703566694,0.35704773393212946,0.18109797157452617,0.2986075374745109,11790718.0,1.2485195,0.02814439621285264,0.17185560378293524,0.8000000000049478,63.12000030092895,213.8459988368146,924.0486404430454,26.59999990463257,50.97461956771214,196.43999844789505,2.8200000524520874,4.910000056028366,302.70674159321425,2.0900000482797623,146.29400108927564,210.6399998664856,4.1000000685453415,1.2799999713897705,1.6900000125169754,1.3599999845027924,0.0,21.16000011563301,15.090000241994858,0.8600000143051147,2.1100000143051147,50.580000311136246
12,0.5170553598976447,0.36783580625677725,0.7677559807741026,0.7799518747604945,0.5443132278096172,0.4413932584707057,0.6987482471177162,0.5610781599660566,0.5446765100529868,0.544676510041754,0.5446765100484132,0.544676510052599,0.46867121443501497,0.4795502879493781,0.4468239652267108,0.6021318913731447,0.4262495321288769,0.6322115183894107,0.5129618555095974,0.5161295045332448,0.45006717500147164,0.47510328513902533,0.4613646197834242,0.4361423739246753,0.49446215263942905,0.5373095926005403,0.5173184616453662,0.4361423739246753,0.43862144479213594,0.7253385699367578,0.44201514407260944,0.49140048785890933,0.4954477359404186,0.49223751267903515,0.46842075273644507,0.7218801455282102,0.4262495321261516,0.4878209935321857,0.6372680789396814,13880173.0,2.1244029,0.20000000000084658,0.7999999999991534,0.0,448.54400018978737,0.0,0.0,0.0,0.0,696.8750968783247,0.0,0.0,0.0,0.0,867.240902885655,0.0,0.0,1.2799999713898913,0.7300000190734863,12.130000233650208,0.0,184.72000023725423,13.180000185966492,0.0,18.020000338554382,0.0
13,0.6273194809621521,0.3795783844868075,0.8130397534128867,0.7925559978430083,0.6053609370580993,0.3533970769328335,0.7123591546142747,0.6494592921818834,0.5692430851767859,0.5692430851673418,0.5692430851245976,0.5692430851694782,0.40621823739069274,0.4373300276358395,0.425677581116903,0.5356132673782519,0.3860626678031478,0.5672260750861357,0.45681140474140436,0.457930149418151,0.3972755431676115,0.43961702018543014,0.41119422758329754,0.38386488179349226,0.43355415743195447,0.4849804236386776,0.4472272603202409,0.38386488179349226,0.38431078340245195,0.6806323697151541,0.390954027559636,0.4344741436206974,0.4461074715642141,0.4316346453230713,0.4157316498569993,0.6740009135176862,0.38386488179275674,0.42945859326120334,0.5743079434526949,12296955.0,2.3688315,0.19999999999683082,0.0,0.8000000000031687,448.54400018078115,746.2628489542552,785.4431507030185,17.319999992847443,18.40000033382399,0.0,1.5700000525521947,18.710000276626882,95.08000034093861,5.9700000286102295,0.0,68.93999987840652,1.2000000476837158,0.0,0.0,0.0,0.0,0.0,0.0,0.0,0.0,35.280000150203705
14,0.5349737808226689,0.2661572401780779,0.8784462119665067,0.9260351348728308,0.8558420953990029,0.7597641643629914,0.5866843554866266,0.7651014580556255,0.6799066744466034,0.44504278456075996,0.703446869143944,0.44504278456201646,0.8045822973123756,0.24720789870691165,0.2565907631993324,0.8034243744755514,0.7935792264700654,0.8146342727272747,0.8009700031292736,0.8044120387615288,0.7924063628757685,0.2508691587014728,0.8041839667080838,0.7952988536084487,0.7981111921004732,0.7909900791591027,0.7984572075052814,0.7952988536084487,0.7962467548862892,0.8541553048565687,0.8029683239978428,0.7910852951795662,0.7987583685179213,0.7971659269111495,0.8101359580926659,0.8397375012681615,0.24720789870571716,0.810776180678263,0.8181604335770004,6660530.1,2.0080396,0.7999999999845858,0.20000000001541265,0.0,1794.1760007169853,0.0,0.0,0.0,0.0,199.72975573862988,0.0,0.0,0.0,0.0,248.81424448397664,0.0,0.0,0.0,0.0,0.0,0.0,1.5840510321828128e-11,0.0,0.0,0.0,0.0
15,0.6213868749598925,0.3747722109081449,0.8293325487478256,0.8406630381041604,0.6477641735654014,0.3945569880504793,0.7140898172078399,0.6804763380086706,0.5643426462533994,0.564342646270417,0.5643426462710263,0.5643426462583048,0.45465664383944404,0.4206106856923163,0.41482548289125937,0.5681259065360803,0.43534246926424525,0.5973149508741233,0.5020418417908737,0.5077161457568747,0.4454492619673762,0.4244884557209064,0.4637139307378809,0.4334822270010651,0.4795033269704797,0.5209149969187417,0.4938994735688921,0.4334822270010651,0.4341184471479663,0.7044052280135243,0.44067196748747806,0.47992498485052154,0.4913537587158077,0.4773563512504976,0.4695887370211859,0.6970625320351084,0.37471981950727734,0.4794088146740465,0.6039373209713673,11998418.0,2.4254024,0.300000000001435,0.0,0.6999999999985651,672.8160002850515,786.7164262487876,667.0713955887555,0.0,8.700000286102295,0.0,0.0,5.270000100135803,43.49000036716461,1.5700000524520874,0.0,29.02617802357868,2.1400000454563886,0.0,0.0,0.0,0.0,0.0,0.0,0.0,0.0,25.919999942183495
16,0.529495163335367,0.2906572886258904,0.8626558020919737,0.9239468576041695,0.8142189843797406,0.6975498996901116,0.6125902861421643,0.7447232979342987,0.6448894958813042,0.467174938193524,0.6398590663561864,0.46717493819482786,0.7481309022633381,0.2959192714444466,0.2980893525731513,0.7629384176192227,0.7309541415314456,0.7770200627809565,0.7532952520092652,0.7597369520749485,0.7316719842863484,0.29794770730198705,0.7459097799321952,0.7336420653517645,0.7467566883526443,0.7426308292027258,0.7522493464233011,0.7336420653517645,0.7351515052678331,0.8300093232066749,0.7404400397481523,0.7404898642862892,0.7473632477313791,0.7450197070509955,0.753026354867318,0.816272557238863,0.2881471490905508,0.7547721647394641,0.780481936145017,8378331.2,2.0975646,0.7000000000013531,0.2999999999961376,0.0,1569.9040006606451,0.0,0.0,0.0,0.0,319.0560005360272,0.0,0.0,0.0,0.0,353.7599997371435,0.0,0.0,0.0,0.0,0.0,0.0,0.0,0.0,0.0,0.0,0.0
17,0.548584103712384,0.47989492062914496,0.597171482369861,0.5506424770411377,0.4129703733142058,0.08437418567253675,0.6222422625557441,0.5269032773601142,0.44765774864064456,0.44765774864446667,0.4476577486532996,0.5507368030685702,0.16903292864721892,0.4813790718923934,0.44960289886648264,0.25119889757497704,0.12479945537806311,0.2832234062130464,0.2042900268397117,0.20552907724450198,0.16350464855870023,0.48296191830523977,0.14554275493599075,0.13759877276000815,0.18712486583792007,0.1987579006057583,0.20800810007414688,0.13759877276000815,0.1390009746563475,0.4453873340046896,0.14434960806865743,0.17946799741888303,0.1820114650255774,0.1857375284391481,0.14545082705823692,0.42318989226806825,0.415479809308973,0.17019082608994313,0.2972917752094019,13052960.0,0.99958556,0.02814439621285264,0.6718556037881603,0.29999999999898697,63.12000030092895,24.259999856352806,251.84600001620169,2.14000004529953,29.76000026619078,583.7599976658821,1.5700000524520874,5.480000048875809,240.35999997332692,0.14000000059604645,667.0840021143663,91.34999991953373,4.98000006377697,2.75,1.6900000125169754,17.56617072793476,0.0,200.3238292577601,15.590000241994858,0.0,18.020000338554382,20.93000003695488
18,0.590138391596448,0.45807223970960814,0.6379110971207242,0.547630999103244,0.47117320547037456,0.08955541615896766,0.6206102931881905,0.5817264169197409,0.4797968971971525,0.4797968971924046,0.47979689719519564,0.5147386274980111,0.17858460191615558,0.42622835291113614,0.406338046576646,0.25284750609722906,0.14788150354037657,0.28433195415437584,0.21580028413022564,0.21208446953886476,0.1768529691548676,0.4305145714683241,0.16065208187289756,0.1535451750619888,0.19776534520517594,0.21143273674378762,0.20961403300952894,0.1535451750619888,0.1538945834830904,0.4519936938410869,0.16065654439561758,0.19238712609408334,0.1991541397919471,0.1972067232595314,0.15803424707069177,0.43112871348463877,0.3623697676438295,0.1799805639543233,0.29870206985674874,11978897.0,1.2306649,0.02814439621285264,0.2718556037792502,0.7000000000078972,63.12000030092895,136.68931853240053,788.2996948122875,21.33430487256455,49.860000513494015,298.9903044268592,2.8200000524520874,4.910000056078816,299.82068155129747,2.0900000482797623,247.1300002783643,210.27999985218065,4.98000006377697,1.2799999713897705,1.6900000125169754,2.219999998807907,0.0,35.20569488067221,15.090000241994858,0.0,8.09000015258789,48.82000032069079
19,0.5164007352488914,0.37399440834406,0.7888858443001983,0.8509684864308219,0.592102888604995,0.44960862419298986,0.7103798147482367,0.6075604893805638,0.5471247161750357,0.5471247161695074,0.5471247161503032,0.554719420073252,0.4891464376966765,0.4875018794201988,0.4580700550308684,0.6234961900226906,0.4461586134224881,0.6528587730032721,0.535715095316544,0.5467336485957178,0.467420502132439,0.48337114816923016,0.4859283772381313,0.4543209923443697,0.5142293233990681,0.5653746688207918,0.5401513108151845,0.4543209923443697,0.45731828641351624,0.7433262816597096,0.45953918142396816,0.5123155364781928,0.5174072766328547,0.511126543471845,0.49572266617959254,0.7351232532973835,0.4408407245810785,0.5091833938168991,0.6577019039924275,13580404.0,2.2946866,0.30000000000338417,0.6999999999966104,0.0,672.8160002894228,0.0,0.0,0.0,0.0,743.5164968806085,0.0,0.0,0.0,0.0,744.4165756517245,0.0,0.0,1.2799999713897705,2.700000047683716,4.800000190734863,0.0,64.83092777457267,6.2500001192092896,0.0,2.1100000143051147,0.0
20,0.5776392621590879,0.30762694052356376,0.8731522287444548,0.9137161539073934,0.818471320296309,0.6378824579105218,0.6262089205941936,0.7637387159814165,0.6520150739507602,0.4935531457809786,0.6766389261049822,0.49355314578679305,0.6996348013698321,0.27455845340684426,0.28630711124774977,0.7279397734407467,0.692465891086567,0.7437564943606345,0.7082773599878157,0.7138790305233633,0.6895614826660093,0.2816405244631921,0.7049464160966761,0.6905385285783968,0.6975711884601816,0.7044748747508939,0.7019129604198678,0.6905385285783968,0.6908420310660285,0.8020156393538711,0.6973878396955099,0.6946570367083704,0.7041832443669859,0.6962686482714002,0.711093528221892,0.7915502988405189,0.2616861451297591,0.7122531005317503,0.7490328660682698,7803185.1,2.1862554,0.7000000000012307,0.0,0.30000000000011035,1569.9040006604125,400.829789392541,254.30621115067993,0.0,0.0,0.0,0.0,0.25,0.0,0.0,0.0,0.0,0.0,0.0,0.0,0.0,0.0,0.0,0.0,0.0,0.0,17.429999738931656
21,0.5660563561959628,0.46901722769561105,0.6158142380408523,0.5499231674279466,0.43564500689506425,0.08719561611582342,0.6250874125788524,0.5472056555976059,0.46374037074783614,0.4637403707547534,0.4637403707586654,0.5407190819459646,0.17351602729424592,0.4578546111405732,0.4303006533777923,0.2533044379450053,0.13409917710617217,0.2853269531950728,0.20980243194125045,0.20934866582586237,0.16893150588657985,0.46066558717941625,0.15208981852558606,0.14432761385167892,0.19238585226624544,0.2052569230345712,0.21003097208963,0.14432761385167892,0.1453785422866951,0.44993260178708405,0.1515512253627735,0.1852961936896895,0.18956807514755017,0.19117812050657315,0.15123570668678785,0.4276529403855485,0.3922231063431013,0.17501902391544805,0.29977864203186366,12671405.0,1.0990205,0.02814439621285264,0.5718556037896156,0.3999999999936303,63.12000030092895,46.85215117590142,375.4458132567756,3.3600000143051147,44.230000250041485,512.9699978530407,1.5700000524520874,4.9800354980488715,265.2800002582763,0.14000000059604645,571.0241534077156,128.08999979496002,4.98000006377697,2.337848359778399,1.6900000125169754,9.240000218153,0.0,152.13999983668327,15.090000241994858,0.0,18.020000338554382,22.15999999642372
22,0.6052851161677513,0.36537104630805084,0.8446852431780131,0.8699400567714137,0.6990056847559802,0.4557181526842968,0.6990770794801582,0.7060780164499041,0.571161021543278,0.5474962086595753,0.5474962086142052,0.5474962086614511,0.5223529515898494,0.3851230687103725,0.3832202435955544,0.6098952818708562,0.5063280822191932,0.6354897957174924,0.5578525226760931,0.5656427198184749,0.5109129327688203,0.39007909542327585,0.5294719400712157,0.5044268296333349,0.5378351635291457,0.5689910430313906,0.5504413861453235,0.5044268296333349,0.5050743301265674,0.7315749580253357,0.5111416186114985,0.5372131963905632,0.5476645685975204,0.5353872397020022,0.5364203348475675,0.7242933534687284,0.3462817446923571,0.5424196859706235,0.6420170620478683,11294235.0,2.3921752,0.39999999999592445,0.0,0.6000000000040757,897.0880003673047,754.2641578488248,553.4378423293149,0.0,3.9000000953674316,0.0,0.0,2.6700000762939453,9.100000262416037,0.0,0.0,1.0334910589484989e-11,2.1400000454563886,0.0,0.0,0.0,0.0,0.0,0.0,0.0,0.0,20.119999915361404
23,0.5844608646067049,0.4615420328381799,0.6328247182641774,0.5490255297139006,0.46379790232902596,0.08904867460149937,0.6221562905106129,0.5727131961241605,0.4754431188046047,0.4754431188100416,0.47544311878228174,0.5226165510216492,0.1771166160405201,0.4351468634367869,0.41291988376751204,0.2528435321818399,0.14475599984160448,0.284228662162465,0.2142685158087059,0.21137954789459926,0.17455386030402534,0.43902137691815296,0.15851102793178654,0.15134503067159913,0.19611666056764196,0.21024973981562953,0.20941964855760936,0.15134503067159913,0.1517943751719222,0.4514221079160074,0.1581819249136165,0.19072356038993565,0.19672898619369697,0.19549160481965092,0.15623447460261858,0.43012677905562247,0.37088388656551663,0.17828555162051493,0.2986599119780308,12185028.0,1.201842,0.02814439621285264,0.37185560378495547,0.6000000000021919,63.12000030092895,92.20999939739704,640.4820407147422,17.669999837875366,50.596019143533944,382.81999784708023,2.8200000524520874,4.910000056028366,288.61194166298344,2.0900000482797623,360.19000123445176,203.19999992847443,4.98000006377697,1.4999999701976776,1.6900000125169754,2.0,0.0,56.70800049666236,15.090000241994858,0.0,13.970000267028809,38.06199966307809
24,0.5885044882001059,0.3373412497214116,0.8623254372464578,0.9014400560359185,0.7748830578418566,0.5630118114800604,0.6571384333498969,0.7495661005711106,0.6171807431597783,0.5150432851823017,0.6219489930133001,0.5150432851853711,0.632604534495318,0.3180403785551384,0.3255760726318517,0.678098064398745,0.6230767855896014,0.6982682783956502,0.6481620427482724,0.6540773396272036,0.6219844717849098,0.3245372398848683,0.6375024285120591,0.6212290239256629,0.6333295420697014,0.6461582059134363,0.6398169608227677,0.6212290239256629,0.6217196421093435,0.7733039969120682,0.6278549190357592,0.6313478182353839,0.6413554104262487,0.6314247351972198,0.6445643368953351,0.7646250915816233,0.2959187304150651,0.6470625879291865,0.7037638025874899,9144952.9,2.2867024,0.6000000000057647,0.0,0.39999999999423524,1345.632000576595,535.9363734038366,340.09162716527476,0.0,0.0,0.0,0.0,0.25,2.8624699969209552e-11,0.0,0.0,0.0,2.1400000454563886,0.0,0.0,0.0,0.0,0.0,0.0,0.0,0.0,18.6699997484684
25,0.5309642988749083,0.31887483940565353,0.8446869323423802,0.9145149707141091,0.7593664896142786,0.623533259845104,0.6435002031979485,0.7162735853534317,0.5991782381217081,0.49269101582362845,0.5470067114006827,0.49269101583917746,0.678555871601427,0.3531368732606023,0.3464968040621458,0.7235843085630179,0.6537922164813981,0.7427850185690024,0.6927499901404265,0.7016091965325906,0.6608534693062582,0.3535530587087659,0.6760687867392199,0.6579504518037248,0.6819124290942871,0.6916299505973278,0.6936161826518313,0.6579504518037248,0.6599273864265928,0.8060230873257339,0.664989916620939,0.6763539061656899,0.6830452112018192,0.6795192792334163,0.6846097182568331,0.7945535853533359,0.3354681539928646,0.6888241595340722,0.7471525146659617,10008074.0,2.2001854,0.6000000000032568,0.39999999999674224,0.0,1345.6320005709704,0.0,0.0,0.0,0.0,436.48566656530346,0.0,0.0,0.0,0.0,460.6023338032013,0.0,0.0,0.0,0.0,0.0,0.0,0.0,0.0,0.0,0.0,0.0
26,0.5258260586732116,0.36355996631605597,0.806833432226466,0.8798739026425317,0.6504782056075394,0.49118386643405115,0.6909695289925378,0.6505517518895828,0.535790477975893,0.5357904779814833,0.5357904780112596,0.5357904779866813,0.5426496144999882,0.4499309285491864,0.42804406893674485,0.6467355014028632,0.5065338955761234,0.6738581339087485,0.5817656500625045,0.5953712105812051,0.520223151618119,0.4475002368253097,0.5425245190180125,0.513411355394319,0.56342837547334,0.5972682626213778,0.586740680424545,0.513411355394319,0.5162105721691251,0.7586357541657887,0.5199998567360069,0.5596155220390004,0.5656952867787888,0.5601655892544115,0.5527237099546605,0.7483305672053603,0.41260400964042293,0.5622881004934738,0.6793241348198228,12652618.0,2.3138073,0.40000000000294733,0.5999999999993586,0.0,897.0880003823875,0.0,0.0,0.0,0.0,647.7637476792291,0.0,0.0,0.0,0.0,677.2882522442771,0.0,0.0,0.0,0.0,0.0,0.0,14.480000495910645,3.9900001287460327,0.0,2.1100000143051147,0.0
27,0.5288090063736296,0.3439787351335776,0.8259339997918891,0.9007442450665432,0.707967923533236,0.5567732124914914,0.6679846259432871,0.6840700215616053,0.5665319078391605,0.5143599186245458,0.5143599186901746,0.5143599186162426,0.6106104240577055,0.4021060920495481,0.38677474363128295,0.6863501545254248,0.5809663181793452,0.7091703131128794,0.6358062838289341,0.6470897012502086,0.5901218433877925,0.4010142743468557,0.6080361001448199,0.5863612815972855,0.6208400937536139,0.6459223448028257,0.637812740211274,0.5863612815972855,0.5888093979348472,0.7827491365603957,0.5926870295681441,0.6162607820827402,0.6220417083365912,0.617628557234473,0.6178309683570209,0.7717681049162652,0.37408431614375615,0.6242563878625542,0.7140974464689653,11348578.0,2.2673984,0.4999999999759748,0.5000000000240252,0.0,1121.36000041584,0.0,0.0,0.0,0.0,549.2771256624965,0.0,0.0,0.0,0.0,567.2828746704038,0.0,0.0,0.0,0.0,0.0,0.0,4.800000190873534,0.0,0.0,0.0,0.0
28,0.5767587036136177,0.4700105779364719,0.6255180617674578,0.5496087545588381,0.45027357122063627,0.0881082411597653,0.6236462629461222,0.5614709172075604,0.46762588611659156,0.4676258861227993,0.467625886116432,0.5303357821916469,0.1753909222220559,0.44627765742494846,0.42116632299885803,0.252337394940138,0.13990894658396363,0.283765185511357,0.21212072339048987,0.21035629617780494,0.17196668592862094,0.44957251523896347,0.15553359244591808,0.1479595885501402,0.19422195813050155,0.2073282491681188,0.20962539700003027,0.1479595885501402,0.14861778615821378,0.45017450655320407,0.155071666413925,0.1882136205803984,0.1934197298165488,0.19339971053691715,0.15355315770255273,0.4292752239152088,0.3809862328300589,0.17640596853915355,0.2983379778411645,12479453.0,1.1587036,0.02814439621285264,0.47185560378317215,0.5000000000004706,63.12000030092895,63.55999954049989,511.8564889941246,8.27999997138977,49.08000051230192,462.71999728679657,2.8200000524520874,4.910000056054335,273.3400003798306,2.0900000482797623,458.6685546906041,174.98855188940735,4.474958958513588,1.4999999701976776,1.6900000125169754,4.2200000286102295,0.0,98.51144765754071,15.090000241994858,0.0,15.84000027179718,25.960000067949302
29,0.5943270674551903,0.3505828699273573,0.8547223977514526,0.8895151380391916,0.7412988739267274,0.5118948604695375,0.678355164743689,0.7305949505057725,0.5996054144497615,0.5316008641980221,0.5476402684220112,0.5316008642012328,0.5819506837427333,0.35182612999248547,0.3540108490837241,0.6453970411435348,0.5702355207246156,0.6681300776051373,0.6065645247109291,0.6125558792743665,0.5721334442337118,0.3573742093090159,0.5888658898448595,0.5683887861969521,0.588971424306327,0.6076414960318474,0.5974279851158372,0.5683887861969521,0.5690708742048028,0.754608880126695,0.5753027562080856,0.58773224989614,0.598022025484863,0.5867610158468957,0.5960249748466653,0.7467431294163575,0.3213453173136565,0.5997606998406756,0.6743634153261423,10254040.0,2.3445128,0.4999999999982814,0.0,0.5000000000011297,1121.3600004658674,682.115161949326,419.7248385718061,0.0,0.0,0.0,0.0,0.25,0.0,0.0,0.0,6.054993160826266e-11,2.14000004529953,0.0,0.0,0.0,0.0,0.0,0.0,0.0,0.0,17.12999990582466
30,0.614364420600782,0.3832739274042621,0.7789020177327663,0.7088743436019389,0.5694400653817538,0.30702206483215744,0.6955325766360559,0.6276581821555827,0.5646284624049788,0.5646284623966653,0.5646284624071592,0.5646284624095993,0.3533441294209133,0.4108476122123284,0.3871184187405131,0.4790236208904622,0.3319266910403253,0.5118004103155125,0.40217018999222565,0.3935697726224969,0.3480678965504767,0.41151399157429763,0.3498664806341002,0.33073150319550176,0.3804024373858438,0.42764328363140286,0.3883975340458344,0.33073150319550176,0.33160001086326296,0.6429506072160767,0.3398273164956019,0.37961058721583774,0.39101858985129273,0.3788396719870564,0.35198009680209896,0.6359439313182266,0.346353132573994,0.37067127170550185,0.5210245929814785,12268315.0,2.0924018,0.09999999999977037,0.09999999999882277,0.799999999998959,224.27200009342937,425.98799798632047,889.6398712741969,23.62999987602234,26.73504270313158,135.57199982010303,1.5700000524520874,18.36000019311905,197.9830883850279,3.2300000190734863,72.67000013589859,175.7699999064207,0.0,0.0,0.14000000059604645,0.0,0.0,15.890000134706497,0.0,0.8600000143051147,0.0,30.41000033915043
31,0.5241164159508842,0.4018220787289207,0.7113912393845886,0.7024687415327273,0.4841387323940403,0.31659352535041774,0.6876330158460805,0.5465109626442396,0.5465109626435466,0.5465109626441462,0.5465109626438618,0.5600110327782126,0.3520442915962778,0.4806808760397097,0.44000796710270035,0.4865749102822694,0.30988854341630045,0.5189673449717284,0.3985336299209157,0.39560941534059374,0.34040108596221597,0.4761285053173646,0.34075943738827,0.32028780814962915,0.37874220603032,0.42114876713742133,0.39827330805571254,0.32028780814962915,0.322702848606112,0.639181778730756,0.32763554743757556,0.3750164177076517,0.3788856973031,0.37663197272271526,0.3455057456328122,0.6323683321160265,0.4150239092989298,0.36881632819669335,0.5277977057847557,13708297.0,1.752377,0.09999999999986119,0.8000000000001839,0.09999999999995521,224.2720000936722,5.406329948838844,89.11549291607844,0.33000001311302185,6.08000004293445,669.3099970519543,0.0,0.25,106.03017720026384,0.0,797.8661797815527,13.739999994669061,0.0,2.75,1.6900000125169754,18.61499639570694,0.0,270.6648269428552,14.590000212192535,0.0,18.690000355342768,3.3199999779602174
32,0.5549882617351646,0.2978612473330579,0.8711748608043047,0.9256869777117732,0.8411419003790802,0.6881695864372841,0.6052153712119082,0.773368054026375,0.668438740967261,0.4835555754423733,0.7175087247041968,0.4835555754474218,0.7446972230123647,0.26790168860344954,0.27962308085171456,0.761711542014803,0.7388247713174037,0.7748941971987664,0.7460163840391066,0.7518603738095346,0.7323677916552576,0.27341359308515534,0.7482706270932059,0.7381194328967372,0.739850009048261,0.744248729139522,0.7421430128593242,0.7381194328967372,0.7384426919163195,0.8250323709334999,0.7451936636742793,0.734579753123041,0.7438110762671508,0.7387732300554736,0.7545246691699559,0.8125252827249516,0.26361291519453395,0.7541800633011387,0.7798035500729344,6382164.5,2.1555013,0.8000000000001426,0.10000000001055652,0.09999999999184239,1794.1760007518749,88.02545306800022,127.60654699221854,0.0,0.0,142.3574543652593,0.0,0.25,0.0,0.0,81.9145457524358,0.0,1.568584581024475e-10,0.0,0.0,0.0,0.0,0.0,0.0,0.0,0.0,8.390000015497208
33,0.5627355180593333,0.32593900681336163,0.8624497244580968,0.918414907052782,0.8026346448571208,0.6193320995434876,0.6321996386837805,0.7579849970024378,0.6401901757747919,0.5087828099864371,0.6687817147481288,0.5087828099801457,0.6829433723744225,0.30947647083232527,0.31610209808210205,0.7186879322582842,0.6738732679474557,0.7352199657978278,0.6942843276411924,0.7011675390499277,0.6697605101089541,0.3142570763405205,0.6884841791824219,0.6732283362742489,0.6830404933416792,0.6913558303150114,0.6886807653436343,0.6732283362742489,0.673572271537514,0.7993178021961909,0.6795579298272033,0.6797099544374616,0.6888064515708417,0.6815796252649293,0.695309126943301,0.7889413463366141,0.29625785951840466,0.696470148588415,0.7402962436705951,8123989.4,2.264004,0.6999999999947479,0.09999999999825107,0.2000000000073082,1569.9040006458317,225.99270442900286,213.91129575972766,0.0,0.0,161.82600093974193,0.0,0.25,6.160261744786799e-12,0.0,62.445999150414735,1.1913132898948717e-10,1.568584581024475e-10,0.0,0.0,0.0,0.0,0.0,0.0,0.0,0.0,8.390000015497208
34,0.6091903112747499,0.386801118346177,0.7760727906214094,0.7108390746289274,0.5681853963027154,0.3081543197042762,0.6958113131101936,0.628085377415077,0.5657347772028352,0.5657347771962796,0.5657347771954321,0.5657347771970302,0.35385791232332964,0.41336159111158477,0.3883528004124896,0.4806450326186959,0.3322666181333195,0.5132542122656345,0.4033501290283902,0.39527572069951467,0.3480624631467171,0.4134643171020645,0.351005594543113,0.33162661236775504,0.38163120419878177,0.4286660345558798,0.3901658369439562,0.33162661236775504,0.3324674201204637,0.6437967307358637,0.34055608206870397,0.3808355356606609,0.39189996800725063,0.38011932264952364,0.3530546677519288,0.636970109902345,0.3490595627567559,0.3719445318148489,0.522570972872889,12383326.0,2.0906588,0.10000000000032017,0.2000000000059836,0.6999999999944141,224.27200009480168,261.8629278968324,849.9660613903955,23.905111254254283,27.010000348166894,268.5100986517203,1.5700000524520874,0.25,197.80989943381996,3.2300000190734863,139.89390122145633,173.02999989688396,0.0,0.0,0.8700000196695328,0.0,0.0,21.16000011563301,14.090000212192535,0.8600000143051147,4.019999980926514,30.41000033915043
35,0.5391200517567095,0.38708268757927905,0.7762235989533521,0.8020739257415982,0.5714616107198482,0.4167337254489513,0.6985783160259252,0.590803880155624,0.5693055411244062,0.5693055411330732,0.5693055411172746,0.5693055411269135,0.45137166940545126,0.4684956476838143,0.4396790925476065,0.5823433866486042,0.41575045070748057,0.6111316391536787,0.49496207051949576,0.4983326788087549,0.43380695528293833,0.46537261565692284,0.4453055130957587,0.4223027712389174,0.4752823367032939,0.5246729547815573,0.4947398696905554,0.4223027712389174,0.42461422406749116,0.7106382238607103,0.4277249289928699,0.47326672998507996,0.4787921594619494,0.4727197664742528,0.45225316969661467,0.7053385961365518,0.4157504507098794,0.4682655040582088,0.6172513014552933,13540048.0,2.2542508,0.20000000000122095,0.6999999999996365,0.09999999999518308,448.544000190627,16.864492167817623,141.710000410676,0.5400000214576721,2.535420649148989,630.1581539030003,1.5700000524520874,0.25,39.93000030517578,0.0,748.3343036754504,14.642086457339882,0.0,1.2799999713897705,0.7300000190734863,11.441542245071496,0.0,146.7600003182888,13.180000185966492,0.0,18.020000338554382,6.230000019073486
36,0.541329314808022,0.4067215388305461,0.7303960883064288,0.709976045673257,0.5131509330868722,0.3133978297663047,0.6912961718348785,0.5651225378306368,0.5651225378242166,0.5651225378320259,0.5651225378198098,0.5651225378306178,0.35057150529101055,0.46374538464988435,0.4262731504006624,0.48458259273246207,0.3141997038773765,0.5168860427437257,0.40036729705858387,0.39636299029071265,0.3391554902512463,0.4603351870698825,0.34211552867285233,0.3211435430257063,0.3790691224988074,0.42349864678451477,0.3956497890848567,0.3211435430257063,0.323174520265636,0.6408589967634634,0.3282899796791805,0.3770064495151654,0.3826000684621018,0.3769731374087492,0.34618700150374704,0.633479854769234,0.3982327877923685,0.36738126920669967,0.5267827773003234,13384780.0,1.8797493,0.10000000000032899,0.6999999999975892,0.20000000000068183,224.2720000946822,17.059999957680702,212.82343390775353,0.870000034570694,15.177026987782561,625.3173093568446,1.5700000524520874,0.25,138.53000032901764,0.0,692.8329380697746,55.32353887780906,0.0,1.7307793462631726,0.8700000196695328,13.250000178813934,0.0,203.79297313023463,14.090000212192535,0.0,18.020000338554382,6.9400000423515715
37,0.5510660135731892,0.325020051213254,0.8572584319641553,0.9229308827963327,0.7998507200969218,0.627168897960639,0.6312322244534397,0.7545682339291033,0.6359443336071753,0.5091875423387856,0.6365100670312223,0.5091875423531746,0.688437779372701,0.31598131892014053,0.3209799810942961,0.7223304875257758,0.6767497562698961,0.7397115078636498,0.7005851505812198,0.7077378111913012,0.6729154908476884,0.3199882199866544,0.6929343071489319,0.6771279621119153,0.6895455011074696,0.6960758624676671,0.6957350803397518,0.6771279621119153,0.677888542123258,0.8029556373555262,0.6834921590065002,0.6855762656988657,0.694394649177478,0.6879238833274812,0.6999985717348006,0.791417420866611,0.3040937021890938,0.7013427660680469,0.7449609360113004,8244621.2,2.2580829,0.7000000000020992,0.20000000000692714,0.09999999999769774,1569.9040006623184,89.18682052860285,126.74517955663389,0.0,0.0,250.49400144321368,0.0,0.25,0.0,0.0,198.0499987602234,0.0,0.0,0.0,0.0,0.0,0.0,0.0,0.0,0.0,0.0,8.090000003576279
38,0.6053770601914263,0.3888361941779136,0.8100867196281165,0.8031386407817802,0.6093071055013819,0.3710538859640632,0.7109109104847048,0.6422911393669651,0.580471801964308,0.5804718019722217,0.5804718020403308,0.5804718019657411,0.42091743457764763,0.4506299481203813,0.4334637744793141,0.5537211167874574,0.3977257474295573,0.5845436171715165,0.4710874394280755,0.4707280531587446,0.4095609617028633,0.4510708886534004,0.4235685590861309,0.39673029792762693,0.44775464024251366,0.50135120936239,0.4603901810400633,0.39673029792762693,0.397758215253991,0.6962111745283963,0.40283481763708506,0.4485626080592219,0.4589976967004486,0.4455394053691572,0.42909441237720625,0.6912430317463161,0.3967302979188523,0.44259203792356283,0.5914124289625141,12576056.0,2.4054971,0.20000000000193804,0.09999999999542314,0.7000000000044666,448.5440001922355,554.6440269837283,752.9091293268052,17.319999992847443,18.40000033378601,161.38743630049836,1.5700000524520874,18.71000027656555,94.4600002169609,4.415435841309337,61.32999959591242,80.09540746920534,0.0,0.0,0.0,0.0,0.0,1.554564187300892,0.0,0.0,0.0,27.380000174092487
39,0.5664821678132798,0.35740400774255693,0.8519999165507974,0.909194415141582,0.7605794503580626,0.5480482553178004,0.6630308305989716,0.7367202847721769,0.6150548647483486,0.5303898270412709,0.5768697984173514,0.5303898270324847,0.6185392889604857,0.3553048809980603,0.35699947340508886,0.6728078880784751,0.6046484339640358,0.6936701095366058,0.6389373285725205,0.6455308402677781,0.6038193165538291,0.35947498581926957,0.6232584607178728,0.6042152721984498,0.6223031317380403,0.6369168740311241,0.6301180247710724,0.6042152721984498,0.6053807885688526,0.7714488481263003,0.6100139980333535,0.6204057089202286,0.6293932112710448,0.6199463840231048,0.6314921551758124,0.7638829824720403,0.33331662536182416,0.6340829976260384,0.6986650620884098,9573560.9,2.3675325,0.5999999999992103,0.09999999999643938,0.30000000000434984,1345.6320005621046,370.78027251272835,290.6157277919919,0.0,0.0,176.8720002887026,0.0,0.25,0.0,0.0,47.39999979734421,0.0,1.568584581024475e-10,0.0,0.0,0.0,0.0,0.0,0.0,0.0,0.0,11.169999986886978
40,0.6001308511108847,0.39380032168556056,0.7718178650108902,0.7128427644683549,0.5637091386518371,0.3078106287676151,0.6955553048451133,0.6211528930329743,0.5674681075505059,0.5674681075413532,0.5674681075750105,0.5674681075461698,0.35304637290102364,0.4211952121701558,0.39365387938491037,0.4813642925944575,0.329350455625569,0.5134680636116977,0.4027392537608269,0.39555926530655994,0.3459465092752543,0.42077461716062037,0.3490095994629295,0.32931889019766036,0.3808940115433741,0.4284595504350141,0.3908088602081879,0.32931889019766036,0.3304198802187339,0.6428946409261175,0.3378265337161844,0.3802191815110518,0.39056878823598024,0.379270455767451,0.3515358082712478,0.6366545930949047,0.3559732660438058,0.37055896984091397,0.5225070562584827,12547606.0,2.0782528,0.10000000000208166,0.30000000000232996,0.5999999999955883,224.27200009861295,167.93221617260446,725.1777914337994,23.95999988913536,27.010000348091125,358.5419493011354,1.5700000524520874,0.25,194.2419923800615,1.9500000476837158,263.2140509388356,172.66999988257885,0.0,1.2799999713897705,0.8700000196695328,0.8600000143051147,0.0,29.939999848604202,14.090000212192535,0.0,4.019999980926514,30.87000034749508
41,0.5676244189887553,0.402704271235876,0.7473729978630171,0.711192218193495,0.531995979968382,0.31003039577393715,0.6950259542879159,0.5848728882635573,0.56717108670499,0.5671710866972439,0.567171086707871,0.5671710867042381,0.35045341731689694,0.4499965726195003,0.4176137588308291,0.4815033829996188,0.3197688154467901,0.5140416052999514,0.4000170754727559,0.39477796203565557,0.34097310585495205,0.4479341938802584,0.34406406782268534,0.32377812699157527,0.378191539000951,0.42389430719619636,0.39228492960211897,0.32377812699157527,0.32528539134495466,0.6399760725747738,0.3312827166499926,0.3770893231889215,0.38429877562649517,0.376273719560189,0.34736756755091547,0.6334755878477338,0.38627195446254464,0.3675549431218343,0.5237607638670452,13160965.0,1.9648588,0.10000000000129423,0.6000000000012052,0.30000000000212385,224.27200009684697,44.68406995326161,338.0130139287423,2.4400000274181366,25.05918236557069,566.6452501767983,1.5700000524520874,0.25,156.58973395064874,7.360416947197437e-11,591.6567498253014,96.15999995180488,0.0,1.2799999713897705,0.8700000196695328,7.8800002336502075,0.0,145.18999978899956,14.090000212192535,0.0,18.020000338554382,8.050000056624413
42,0.5452206356579751,0.352819610811328,0.8409694941996801,0.9158122983128897,0.7530105016010336,0.557954707028946,0.6616296743221612,0.7274077156609208,0.5972625349054492,0.5354749034736475,0.5461906039377084,0.5354749034721548,0.6225925733645435,0.37186401232374466,0.36734733262992963,0.6827261441760109,0.6049427193385022,0.7037452161889336,0.646504809962442,0.6555450712787019,0.604597792027768,0.3738879592649822,0.627785212884342,0.606510099160612,0.6309733937714419,0.6477128896188824,0.6415279195799809,0.606510099160612,0.6080577955276874,0.7791179586070209,0.6126149756908121,0.6276638704924692,0.6360601413966036,0.6283631215469946,0.636337520535793,0.768718058913155,0.34945108003075315,0.6392560557236219,0.7087989521277789,9954681.0,2.3584804,0.5999999999988583,0.3000000000010063,0.10000000000185655,1345.6320005611058,67.25055984361356,150.3014402557426,0.0,0.0,393.74999991059303,0.0,0.25,3.9321126982880545e-11,0.0,279.066000374488,1.490580673280233e-10,0.0,0.0,0.0,0.0,0.0,0.0,0.0,0.0,0.0,6.469999998807907
43,0.5419223634234027,0.3977566086632539,0.7980150414358446,0.8598475949577059,0.6124240658255103,0.4225765877884633,0.7151498375281549,0.6280480140935962,0.5767650439397873,0.5767650439369525,0.5767650439365463,0.5767650439356478,0.468901334599851,0.48022522831326403,0.45487765167727406,0.6028508252786475,0.43218639683977284,0.6301268934320083,0.520012751024596,0.53090930260339,0.4473236465577771,0.4781302647269893,0.4702157544378264,0.43717132838358314,0.49682683804214256,0.5481857843718265,0.5196404009695113,0.43717132838358314,0.439764647767389,0.7257279116453228,0.441818731174571,0.49625695187014146,0.5026571389139858,0.49362159446261056,0.4794628643891457,0.7193512804893,0.43218639683741994,0.49059816129606665,0.6357140098321843,13269546.0,2.4317499,0.30000000000606714,0.5999999999939835,0.10000000000010562,672.81600029544,51.927334478126596,158.27466550406848,0.0,3.1700000762939453,662.4926648086398,1.5700000524520874,0.25,2.54999995234094,0.0,597.7980460227385,1.6377176497034376e-10,0.0,1.2799999713897705,0.0,4.800000190734863,0.0,68.20128937588521,6.2500001192092896,0.0,4.810000061988831,6.530000030994415
44,0.5946840058378865,0.39205152392155934,0.8213678711818102,0.8537710154769435,0.6380760740875849,0.3937501097636555,0.7210652309881262,0.6670645366169148,0.5819356193392788,0.581935619323563,0.5819356193181903,0.5819356193323055,0.4487678304359879,0.4571042249436835,0.44161986508536955,0.576419880390098,0.424595660196761,0.6047109585661521,0.504911159969347,0.5111460583285082,0.43316773373689166,0.45788920619882534,0.4577610949488931,0.42410142322288735,0.48032999198864934,0.5269982740215605,0.4960331185176792,0.42410142322288735,0.42564854716556505,0.711877177456182,0.4296827397326398,0.48123216129363244,0.4912720638477656,0.47757072872527107,0.46532415732705334,0.705217810415597,0.40816277586009486,0.47488282722543046,0.6110157437177011,12432981.0,2.5034511,0.30000000000173854,0.09999999999756347,0.6000000000006755,672.8160002857321,604.7511732281359,633.8108266737256,0.0,14.460000276565552,170.8320003294675,0.0,5.270000100135803,37.230000376701355,1.5700000524520874,53.439999759197235,31.01999986177707,1.568584581024475e-10,0.0,0.0,0.0,0.0,0.0,0.0,0.0,0.0,17.519999995827675
45,0.591693794538963,0.39783753539137096,0.764798612220573,0.7129207542787518,0.5580378862172602,0.30843720152496185,0.6926757302141754,0.6128395803039092,0.5685497706694481,0.5685497706755588,0.5685497706667775,0.5685497706738197,0.3527661349555501,0.42775985899714314,0.3998816622871717,0.48078902451195793,0.3271473872204114,0.5123824779806474,0.4027299260629762,0.39579262493043516,0.344716303305531,0.42706727705931885,0.3480759741205987,0.32795872387737346,0.38059144673333717,0.42719373609123756,0.3911412937383791,0.32795872387737346,0.329215847512491,0.6412589288442514,0.3360078381038831,0.3801317238060107,0.38950015339801153,0.3789013261105388,0.3507109629172997,0.6353155318746296,0.36410373210058056,0.36955006524348744,0.5216114704387035,12730572.0,2.0554508,0.10000000000018229,0.40000000000513714,0.4999999999981161,224.2720000943532,95.72999958693981,603.1527572757029,15.517999988571763,30.49728278829446,462.17799870714424,1.5700000524520874,0.25,182.03196049100958,1.9500000476837158,359.02000123262405,166.15999995172024,0.0,1.2799999713897705,0.8700000196695328,0.8600000143051147,0.0,48.00000002980232,14.090000212192535,0.0,10.790000200271606,24.500000283122063
46,0.5802576104328312,0.37239201095301694,0.8447691814664541,0.8951585696680088,0.7205611039555042,0.49028408775501947,0.6857604807124537,0.7167433473610146,0.5840761524161497,0.5516477858927517,0.5516477858719648,0.5516477859018717,0.5618551975789104,0.3931513460384734,0.3886060648045333,0.6351327620686928,0.5446716465026679,0.6596166148086414,0.5902913643798731,0.5984647669187287,0.5491339271746697,0.39637020811818924,0.5670355373533472,0.5442224234312,0.5710726121232175,0.5947983454482011,0.5830640893011695,0.5442224234312,0.545625056213801,0.7503686544025328,0.5509542278895537,0.5694326565788335,0.5789601209559971,0.5681674258696839,0.575814072787821,0.7429301844030418,0.3610773719949077,0.5801007196332776,0.6659154907504313,10765748.0,2.4446811,0.5000000000017127,0.10000000000444317,0.40000000000446617,1121.3600004739978,503.41999912287986,382.2480012760548,0.0,0.0,171.0294735301401,0.0,0.25,3.0607549e-11,0.0,53.242526573882046,9.884931262701988e-11,1.568584581024475e-10,0.0,0.0,0.0,0.0,0.0,0.0,0.0,0.0,11.169999986886978
47,0.581787638588676,0.40320561978675035,0.7569295898303263,0.7121804487369413,0.5464580158091153,0.30830615079117735,0.6931462016449338,0.5995361260470651,0.5672156561582112,0.5672156561773364,0.567215656173207,0.5672156561698739,0.35075295872937656,0.43824205234673463,0.4082903555692863,0.4796697307381522,0.32362981653560846,0.5116546283209501,0.400058162265214,0.39403996612012726,0.343271996278199,0.4370205746098044,0.3457866456567294,0.32562932174966963,0.37812069604936926,0.4242070797353509,0.3903654078605204,0.32562932174966963,0.326838882241994,0.6396869846973192,0.3336040214277658,0.37744279008682113,0.3859229681448565,0.37639976363279753,0.34832517604923513,0.6337151535848696,0.37461697603348265,0.3676222904164277,0.5208190636702388,12961542.0,2.0187351,0.09999999999783814,0.49999999999750894,0.40000000000465297,224.27200008913053,70.44999967525571,452.5095336621369,4.2956985607931015,29.286571299315,519.6199985025462,1.5700000524520874,0.25,173.97619686811413,1.9500000476837158,491.7200017571449,150.29000006616116,0.0,1.2799999713897705,0.8700000196695328,3.0800000429153442,0.0,74.85999968647957,14.090000212192535,0.0,15.84000027179718,12.51000015437603
48,0.585840950151245,0.3846347521363252,0.8348307452677927,0.878838873943829,0.6855302092532419,0.44583780124851663,0.7044637408475869,0.6949121546063047,0.5650379356890914,0.5650379356805841,0.5650379356895804,0.5650379356877409,0.5123859809749352,0.42353178045085815,0.4144846839401447,0.6083639411257205,0.4922697049306412,0.6342753951642434,0.5508399218037706,0.560050071482504,0.4969206910351897,0.42576706033521833,0.5178654355896641,0.4917007526264285,0.5294927310014652,0.5650058348928015,0.5443230900289459,0.4917007526264285,0.49301279594243236,0.7329674339513991,0.49747369983451406,0.528895960634648,0.5380395836130313,0.5264998405800295,0.5260915748752321,0.7264129090865552,0.383990037724711,0.5320447881223964,0.6402441530965015,11764736.0,2.4821282,0.4000000000092503,0.10000000000518376,0.4999999999855657,897.0880003965233,565.5564163542911,525.5039735707684,0.0,6.609610187037658,164.572000415527,0.0,2.6700000762939453,9.100000262282533,0.0,59.69999969015621,9.884931262701988e-11,1.568584581024475e-10,0.0,0.0,0.0,0.0,0.0,0.0,0.0,0.0,11.919999986886978
49,0.5446876367037441,0.37612045397616933,0.827011864323494,0.9035483492083999,0.7098195829916623,0.503200887715851,0.6818459354903244,0.7008997944070403,0.5635862301088663,0.5547050453752149,0.5547050454444661,0.5547050453703972,0.5706113816096747,0.41241552443376667,0.40147457813138987,0.6477074446293103,0.5471136996587503,0.6710229726714139,0.5998832315617333,0.6111419917910546,0.550328953882602,0.4135595787447276,0.5726070585153431,0.5495992743693847,0.5818061359094848,0.6059160972012412,0.5972770403605909,0.5495992743693847,0.5515859857896328,0.756693514234657,0.5554688229803786,0.5787649433232884,0.5865781751700802,0.5785595754018764,0.58208836287052,0.7488453071084794,0.38174793212761,0.5867056604994902,0.6766938326050074,11303165.0,2.422993,0.5000000000010358,0.3999999999974665,0.10000000000144513,1121.3600004721109,67.32999993875157,148.98200015008976,0.0,0.0,475.2111399911833,0.0,0.25,5.533594196314529e-12,0.0,421.8768603797103,1.6026985081768962e-11,0.0,0.0,0.0,0.0,0.0,0.0,0.0,0.0,0.0,7.71000000834465
50,0.543124442488433,0.3901557886528191,0.8136944985904699,0.8866186543953664,0.6632767041149907,0.4555322950371802,0.7054110298714333,0.6656044004055749,0.5711098690740025,0.5711098690686719,0.5711098690695466,0.5711098690761309,0.5152327359395114,0.4504339607886206,0.43283704982450083,0.6237002789173863,0.4848131611583755,0.6498503756896237,0.5566529101512446,0.5704558091783384,0.4934690062373906,0.44982763403236575,0.5179616474299825,0.48845193859607744,0.5355283094689575,0.5758206316516407,0.5568433995634315,0.48845193859607744,0.49070126034594463,0.7421120245613299,0.4935020913178516,0.5338665536716433,0.5406998556205388,0.5320544399761314,0.5276286248066477,0.73483636982854,0.41129469828493476,0.534806889600562,0.6553025165116405,12461919.0,2.457158,0.4000000000019651,0.5000000000005023,0.09999999999753256,897.0880003801847,62.57999990880489,154.7120001456818,0.0,0.0,586.1395718108449,0.0,0.25,6.788447549748659e-11,0.0,525.0789114453412,0.0,0.0,0.0,0.0,0.0,0.0,4.041517071645184,3.9900001287460327,0.0,2.1100000143051147,6.7300000339746475
51,0.5578957766180945,0.360206250290302,0.8465354844309166,0.9119477194219077,0.7562313244860585,0.5502634562577012,0.6630250228561807,0.7312091406391114,0.6071113158564282,0.5335664154895704,0.5716832213143094,0.5335664154783881,0.6180578655370574,0.3666810393145596,0.3657150932830149,0.6769098126901407,0.60262691392021,0.6972914885857362,0.6398180554056466,0.6471701356013502,0.6025647883715455,0.36988042112389113,0.6229741141649074,0.6029234988677974,0.6234014496163884,0.6413268326227201,0.6321260262685402,0.6029234988677974,0.6043705726061954,0.7739676289443674,0.6090901611175247,0.6210545022194388,0.6298522067234247,0.6209245464637871,0.6315530071874047,0.7656418944078905,0.3445730048162605,0.6343931324043424,0.702451442602068,9780193.3,2.3794498,0.5999999999976792,0.2000000000081885,0.19999999999413218,1345.6320005587168,199.47999957203865,238.8840006254877,0.0,0.0,291.06400114088956,0.0,0.25,1.7397455764676335e-11,0.0,157.47999906546255,0.0,1.568584581024475e-10,0.0,0.0,0.0,0.0,0.0,0.0,0.0,7.874579364907658e-11,9.929999977350235
52,0.5564010040119297,0.39071932116300095,0.7857569755246805,0.8051376632909144,0.5900454292641807,0.40625929920228293,0.7024940419067395,0.6078630604257776,0.5783231211548663,0.5783231211689717,0.5783231211856392,0.5783231211648576,0.4446217270474127,0.4648609557501383,0.43856348256954625,0.575581608785859,0.41277669967058195,0.6045226167919765,0.492623700550248,0.49588287619293236,0.42755088970769484,0.46233698909278054,0.44244205103621254,0.41673346832394453,0.4714740990684465,0.5203206270270901,0.48926166920030684,0.41673346832394453,0.4186406418886369,0.70746022735575,0.42212995609265086,0.470819842845175,0.4777336987699645,0.46901575317629224,0.44866507848462434,0.7022487323720129,0.4127766996627072,0.46327792067253787,0.6111695720818747,13270974.0,2.323209,0.19999999999635099,0.5999999999941859,0.200000000010065,448.5440001797163,53.55999983848275,265.7576549082106,0.5400000214576721,7.510000228881836,586.5762740735488,1.5700000524520874,0.25,64.95668342103762,0.0,620.5357259301841,45.989661654108794,0.0,1.2799999713897705,0.0,7.020000219345093,0.0,101.1999998986721,13.180000185966492,0.0,15.84000027179718,8.410000085830688
53,0.596091010821309,0.39260280899379274,0.8053934938656142,0.8057865636308458,0.6085307451841706,0.37905013804578047,0.7107771231936892,0.6405321177083868,0.5832777391284035,0.5832777391423704,0.583277739062482,0.5832777391336819,0.42689115816775286,0.4560933025145998,0.4363753553183281,0.5586795655630629,0.4026953474098531,0.5888454393860594,0.4760319980611136,0.4756729320300259,0.4146696178914023,0.45561260428452577,0.42853570233240806,0.4023710375969461,0.453049228716753,0.5063405931456599,0.46573710456614437,0.4023710375969461,0.40357227759458203,0.6991573862622856,0.4084299225827268,0.4537710861767585,0.4637173496269898,0.45089769999101337,0.43413651338360454,0.6942901944729782,0.40237103760386056,0.4477418416238572,0.5956656073646395,12796534.0,2.4095919,0.1999999999935999,0.19999999999552626,0.6000000000070833,448.54400017353515,365.14472381361514,718.7107070213087,17.319999992847443,18.40000033378601,298.68544789269384,1.5700000524520874,15.540000200271606,95.04000020027166,3.2300000190734863,143.94855219933203,84.3199999332428,0.0,0.0,0.0,0.0,0.0,5.9100000858306885,0.0,0.0,0.0,26.35656901269933
54,0.5580311083887745,0.4014071784877672,0.8054917701167663,0.8593632630890952,0.6229743189897824,0.41414557352547093,0.7165151015677802,0.6419191664375781,0.5818819560585672,0.5818819560625934,0.5818819560206768,0.5818819560565851,0.46339257380434695,0.4785592893506583,0.45663460306419906,0.5955791931448028,0.4316143695216248,0.6233799994260979,0.5147780557107561,0.5243370342205618,0.4439835780065209,0.4771340659619551,0.4668046684379268,0.434669445273255,0.49119705170918376,0.5421789427867623,0.5115265069643085,0.434669445273255,0.43692925344107525,0.7237993665035061,0.4393478332961202,0.49132270932169886,0.49865204540254343,0.4881990434443825,0.4754941358800325,0.7177841138504173,0.4316143695225682,0.4857737552761157,0.6294062271999462,13056377.0,2.4848148,0.29999999999692123,0.5000000000062138,0.19999999999580328,672.8160002749287,108.19884949956591,277.614295640316,0.0,12.26085471207819,600.06000109752,1.5700000524520874,0.25,22.11000013351445,1.9500000476837158,476.14999905228615,15.380000114440952,0.0,1.2799999713897705,0.0,0.0,0.0,32.810000181284686,6.2500001192092896,0.0,4.810000061988831,9.209999978542328
55,0.5643005960821571,0.37925001711684914,0.8328548444656273,0.899338829505282,0.7111109162621708,0.49165395614047025,0.6861855707170315,0.7074488122613034,0.5614999368856916,0.5582972338264134,0.5582972338182319,0.5582972338243557,0.5617809001858908,0.4131537313977129,0.4053721364160062,0.6386827303842778,0.5407739447429691,0.6636227571842207,0.5906989414864827,0.6011089917436175,0.5457164700897548,0.41499783464822837,0.5652754192104756,0.5420107023414785,0.5723952954486292,0.5966071505655681,0.5872932327281173,0.5420107023414785,0.5435243428435154,0.7522447170977101,0.5484547651714065,0.5696145335090598,0.5786369904461882,0.5692705508144114,0.5745376544333503,0.7442534114629624,0.3830948644629766,0.5794794846891329,0.6696752010067536,11131047.0,2.4682726,0.500000000007407,0.2999999999893157,0.20000000000789658,1121.360000486453,164.22972674127894,272.8942734772381,2.0023299075952721e-10,0.0,396.6612442187035,0.0,0.25,2.921848254167661e-12,0.0,276.1547560400983,5.2390668389710785e-12,1.568584581024475e-10,0.0,0.0,0.0,0.0,0.0,0.0,0.0,0.0,11.169999986886978
56,0.5888211233392675,0.39491941104168987,0.801829901647822,0.8072677562135752,0.6091786463124347,0.3826429974370909,0.7076237204477857,0.6376747962675443,0.5845006482934613,0.5845006482961546,0.5845006482043095,0.5845006482965343,0.42953505076785425,0.45757583384789946,0.4371473796371828,0.5599753058359432,0.4050097143926857,0.5896074994145243,0.47897874500006093,0.47880241181481886,0.41591665895046775,0.4566645014710952,0.4311907617778891,0.4051414241175183,0.4561493156972412,0.5081203383714251,0.468847415937906,0.4051414241175183,0.4062604738523665,0.6996697569810494,0.41060185419697,0.4568916777374207,0.4663722441597112,0.4540542351770159,0.4366444472397945,0.6942832675827288,0.4050097144062325,0.4501130259775943,0.5963000805761876,12812599.0,2.4073324,0.19999999999644416,0.30000000000195354,0.5000000000016024,448.544000179914,224.9656622743592,650.0935787831924,17.319999992847443,18.40000033378601,377.3760002588116,1.5700000524520874,0.25,95.46075872673887,1.9500000476837158,265.77999982237816,82.40999996662153,0.0,1.2799999713897705,0.0,0.0,0.0,11.180000066757202,13.180000185966492,0.0,4.019999980926514,28.940000295639038
57,0.5706812783932962,0.3797158465332714,0.8369559377101624,0.8976242829174911,0.7144130721596629,0.49006129821600297,0.6876299459050738,0.7114983560339536,0.5706701776128521,0.5568552154517604,0.5568552154946039,0.5568552154549112,0.5607425853768351,0.4078281022312756,0.4006434614677776,0.6359652735965211,0.5418290169914287,0.6600511815084954,0.5903466222792075,0.5994231926228397,0.5456492992553036,0.40995330010853154,0.5652673022349104,0.5423163872542184,0.5717332847767868,0.594780854570108,0.5850074692581358,0.5423163872542184,0.5438067697634618,0.7507408566302993,0.5488195281045346,0.5694585813976102,0.5786339450553325,0.5686970937093971,0.5741256481520808,0.7432099772809573,0.37646107214794783,0.5787977125624386,0.666306301442384,11032299.0,2.4683956,0.4999999999997373,0.19999999999967966,0.3000000000219564,1121.3600004691327,306.0005644675348,355.3954358768994,0.0,0.0,317.9738932587881,0.0,0.25,2.8624699969209552e-11,0.0,130.57010692849485,9.884931262701988e-11,1.568584581024475e-10,0.0,0.0,0.0,0.0,0.0,0.0,0.0,0.0,11.169999986886978
58,0.5703343062397727,0.3966070822664777,0.7934449029868654,0.8063477076665193,0.5975019953311274,0.3969837401173051,0.7038547469149681,0.6194467087158506,0.5817754875379981,0.5817754875195138,0.5817754875547908,0.5817754875232544,0.43839843515456817,0.46222649389744513,0.4381239239642998,0.5704428567910967,0.40978383121369494,0.6000752385855296,0.48658781813401963,0.48868451349057995,0.42298381301092497,0.460240269718945,0.43763038598504483,0.41220073135628876,0.46471294070486685,0.5164298227139952,0.48073924357715225,0.41220073135628876,0.4137030553748059,0.705114714439506,0.41748576014631966,0.46492165932620055,0.4727429536590167,0.4625372432515206,0.44325972107905964,0.7001818907361282,0.4097838311991635,0.45740183231300574,0.606470077127759,13170560.0,2.3676446,0.2000000000008486,0.4999999999936,0.30000000000567184,448.5440001897919,83.77999974787235,398.5962043818562,4.659999907016754,16.850000381469727,542.2097958119543,1.5700000524520874,0.25,75.04979552347888,1.9500000476837158,505.5302041618086,77.6900001764299,0.0,1.2799999713897705,0.0,0.0,0.0,45.19000005722046,13.180000185966492,0.0,13.970000267028809,12.420000076293945
59,0.5845048835093117,0.3988191842995977,0.8149454013646164,0.8563932659821054,0.6342187218764304,0.398427473326082,0.7197651675948943,0.659428900732353,0.5864406233602345,0.5864406233592692,0.5864406233747779,0.5864406233596707,0.45185525037960167,0.47002752049802343,0.4517805546274473,0.5814858479508592,0.4255748164173381,0.6090754629641956,0.5073975451678148,0.5145620463554392,0.43451651164490335,0.4696941499534982,0.4596098282524531,0.4258942867393451,0.48300919538909604,0.5306645706314693,0.4998520663758672,0.4258942867393451,0.4273367713778734,0.7147888434318583,0.4308678758134608,0.4839647955146605,0.4931466188303921,0.48029434282225836,0.467222225874075,0.70874202093788,0.4215527340859187,0.47697650027684163,0.6154821741144748,12689300.0,2.5242471,0.3000000000035013,0.20000000000942983,0.4999999999870689,672.8160002896856,414.46924224441324,600.5707575329717,0.0,14.460000276565552,308.8440002805628,0.0,5.270000100328636,37.230000376731965,1.5700000524520874,139.6999999285911,31.019999861717224,0.0,0.0,0.0,0.0,0.0,0.0,0.0,0.0,0.0,16.769999995871103
60,0.5551434181682842,0.3958747876105389,0.8186709276364385,0.8867635116307112,0.6730911322231408,0.45073805915453635,0.7035993243951236,0.675482006165641,0.5727150327395795,0.5727150327318635,0.5727150327375039,0.5727150327367135,0.5132373052687079,0.44664026406721546,0.43234861809247377,0.6195351813867206,0.4870389408474869,0.6458823966379915,0.5533977905220137,0.5649351533884316,0.49357314737347163,0.4467318561560408,0.5172960628633314,0.48914648323476356,0.5315854461313914,0.573255508252957,0.5495092276520132,0.48914648323476356,0.49106806836808603,0.7402703321376893,0.4940203559840883,0.5307513638592736,0.5383774307314446,0.5283386119975395,0.5266169643837921,0.7320236799119728,0.4083065391193758,0.5328930615489996,0.6516208777399691,12220494.0,2.4930092,0.40000000000506847,0.39999999999646524,0.19999999999846635,897.0880003872776,125.58190999152332,302.29208986335556,0.0,1.9500000476837158,509.3421159494568,0.0,0.25,7.440000295639038,0.0,382.67588424688,0.0,0.0,0.0,0.0,0.0,0.0,0.0,3.9900001287460327,0.0,1.0800000429153442,11.029999986290932
61,0.5769762705351862,0.3897041086825282,0.8288089486435318,0.8813647003273879,0.6821403494142356,0.4474377361030843,0.7031602765373519,0.6877948866835977,0.5703051380997646,0.5703051380982527,0.5703051380932016,0.5703051381019519,0.5132505531944075,0.4360276699355467,0.4245359664518591,0.6117255591020503,0.49150763193124763,0.6371092917511796,0.5518654606266222,0.5611753376124127,0.49625173861974425,0.4372893429760573,0.5180159384032573,0.49173019908949295,0.5303314085553061,0.5669455998979721,0.5452401760094138,0.49173019908949295,0.4931381714685143,0.7349378384398857,0.496899083960034,0.5299222720156322,0.538364399639334,0.5273520371185746,0.5265005474589289,0.7280987093583887,0.3970815147226541,0.532485908327252,0.6429579865082233,11979714.0,2.5039572,0.4000000000115782,0.19999999999940082,0.39999999999608365,897.0880004017441,371.80191707139386,493.6460826842981,0.0,8.700000286102295,317.82400081361044,0.0,2.6700000762939453,9.100000262335362,0.0,130.71999937316883,0.0,1.568584581024475e-10,0.0,0.0,0.0,0.0,0.0,0.0,0.0,0.0,11.169999986886978
62,0.580354673144421,0.3985345548956028,0.798779582247031,0.8067219845283695,0.6038865018333232,0.3890075162049429,0.7043654243564854,0.6297745393362016,0.5842332576866578,0.5842332576918027,0.5842332576147546,0.5842332576857456,0.43369449578686275,0.45862666574714267,0.4370134132790878,0.5647857712087878,0.40678050374559444,0.5944796546019525,0.4823368567274492,0.4831428089620856,0.4186785981266863,0.4571322706513796,0.4335905220298694,0.4079093123877455,0.4599339670238115,0.5120524267879563,0.4741383382792954,0.4079093123877455,0.40928693885685596,0.7027457490608248,0.41312557915648007,0.46056558705083994,0.46911244910342154,0.4578357340314411,0.4392856195034107,0.6971386203263938,0.4067805037493222,0.45310135575213534,0.6009781918099285,13005898.0,2.3948618,0.19999999999386406,0.40000000000354463,0.40000000000259145,448.5440001741362,141.77162362895146,530.2563757967378,10.459999859333038,18.40000033378607,471.4086384907566,1.5700000524520874,0.25,88.49000036716461,1.9500000476837158,381.24310053919294,83.29000008106232,0.0,1.2799999713897705,0.0,0.0,0.0,25.95626121549472,13.180000185966492,0.0,4.019999980926514,20.65000021457672
63,0.5687978336552929,0.402303468028871,0.8099473180962622,0.8594668180451536,0.6276702308667131,0.40876879974588953,0.7158986371252206,0.6479883914223311,0.5856725008711698,0.5856725008963389,0.5856725008543948,0.5856725008847894,0.4589789576838697,0.47616132768737063,0.4558711098825719,0.5925721872940606,0.42939993943457455,0.620662067158082,0.5110490374251202,0.5196681148678649,0.44053580422458644,0.47502401832810737,0.4633906705338543,0.4312776422326893,0.4875251081864772,0.5406072997443575,0.5063567045906786,0.4312776422326893,0.4331811574667425,0.7224932739830708,0.43572833783143966,0.4880732465925482,0.49599081370732484,0.4846904033132701,0.4716206635507042,0.7166276993240155,0.4293999394399281,0.4814956787040448,0.6267449950705155,12950351.0,2.5127094,0.29999999999192134,0.40000000000641345,0.30000000000462135,672.8160002637717,164.2925003275373,414.3622682964284,0.0,15.140000343322754,517.9184732599983,1.5700000524520874,0.25,35.570000410079956,1.9500000476837158,368.2895270158631,26.41123081889081,0.0,1.2799999713897705,0.0,0.0,0.0,3.5,3.9900001287460327,0.0,2.1100000143051147,13.269999995827675
64,0.5813774602464428,0.4015847471698428,0.8132694122695528,0.8566904077387292,0.6312779750254136,0.39992109890640953,0.7203017121986519,0.6569408498964892,0.5864260760180019,0.5864260760101856,0.5864260759947824,0.5864260760106512,0.45208942673765257,0.4736798297835277,0.45460041465444334,0.5843873549955,0.4252453037783943,0.6127504282017237,0.5064021944795221,0.5141803204670063,0.43450182182430314,0.4731520713678317,0.4590609745670767,0.4260472116323742,0.48230150988632925,0.5333416517600217,0.4998861405703095,0.4260472116323742,0.4276325276448453,0.7171091839785656,0.4310165436331116,0.48308144045814816,0.4920504196502263,0.47958666775684083,0.4668950062087236,0.710716939351639,0.4252453037723475,0.47679140024664707,0.6190133454403834,12808994.0,2.5267987,0.3000000000039511,0.3000000000062253,0.39999999999158253,672.8160002907574,249.0899998695611,550.7980313834831,0.0,12.510000228881836,428.07102947679687,0.0,0.25,37.810000360012054,3.5200001001358032,238.64497067663086,26.33996841903065,0.0,0.0,0.0,0.0,0.0,0.0,3.9900001287460327,0.0,2.1100000143051147,16.769999995827675
65,0.5688673237993581,0.39197903996422667,0.8255190192342408,0.8834104214653119,0.6787476368477697,0.44761568009648717,0.7044362287779665,0.6814852026818357,0.5742447171017655,0.5742447171024595,0.5742447171706437,0.5742447171060204,0.511628654443884,0.4413804997638526,0.42857825520497544,0.6158788058213808,0.48794313009231827,0.6416542177567406,0.5516784389212813,0.5618996471933309,0.4937043319648534,0.4421647387736856,0.5165314599519227,0.4887981931863366,0.5296210701531057,0.5701078664902232,0.5458084440491923,0.4887981931863366,0.49034125721001853,0.7380068215477409,0.4937231894231205,0.5293738637327644,0.5376199151613428,0.5265934966199577,0.5253319846813411,0.7309747448814129,0.40210297518205423,0.5314901230743422,0.6473144008137627,12072899.0,2.5074988,0.4000000000027051,0.3000000000057118,0.29999999998973653,897.0880003821338,235.9278027559756,407.76449953676956,0.0,8.700000286102295,420.1400001049042,0.0,0.25,9.100000262282533,0.0,250.25600011370943,0.0,1.568584581024475e-10,0.0,0.0,0.0,0.0,0.0,2.4200000762939453,0.0,0.0,11.073697417876971
