,BILBERRY,ALL_MARKETED_MUSHROOMS,scenic,CARBON_SOIL_Update,BM_total,DEAD_WOOD_DIVERSITY,LESSER_SPOTTED_WOODPECKER,THREE_TOED_WOODPECKER,SIBERIAN_FLYING_SQUIRREL,LONG_TAILED_TIT,CAPERCAILLIE,HAZEL_GROUSE,HSI_RL_S1,HSI_RL_S2,HSI_RL_S3,HSI_RL_S4,HSI_RL_S5,HSI_RL_S6,HSI_RL_S7,HSI_RL_S8,HSI_RL_S9,HSI_RL_S10,HSI_RL_S11,HSI_RL_S12,HSI_RL_S13,HSI_RL_S14,HSI_RL_S15,HSI_RL_S16,HSI_RL_S17,HSI_RL_S18,HSI_RL_S19,HSI_RL_S20,HSI_RL_S21,HSI_RL_S22,HSI_RL_S23,HSI_RL_S24,HSI_RL_S25,HSI_RL_S26,HSI_RL_S27,NPV,MF,SA_O,INT_O,EXT_O,Longrotationharvest10Longrotationclearcut,Selectioncut3Selectioncut,Longrotationthinning15Thinninglongrotation,Tapioharvestwithoutthinningsm20Tapioclearcut,TapioharvestTapioclearcut,TapioharvestnaturesceneTapioclearcutwithnaturescene,Tapioharvestwithoutthinnings10Tapioclearcut,Longrotationthinning10Thinninglongrotation,Shortrotationharvest5shortrotationclearcut,TapiothinningThinningTapio,Selectioncut1Selectioncut,Selectioncut4Selectioncut,Longrotationharvest5Longrotationclearcut,Longrotationharvest15Longrotationclearcut,TapiothinningnatureThinningTapio,TapioharvestwithoutthinningsTapioclearcut,Shortrotationthinning5Thinninglongrotation,Selectioncut2Selectioncut,SA,Longrotationthinning30Thinninglongrotation,Longrotationharvest30Longrotationclearcut,Longrotationthinning5Thinninglongrotation
0,0.4899130222609172,0.1807083861828041,0.9253805994654495,0.9352800423014959,0.9941338197785113,0.9906123256297349,0.5049842598235478,0.7953873810976108,0.9441513760608293,0.29361304379524783,0.9059478692971481,0.4126425592444577,0.9801727866168163,0.05827384813439446,0.07826676645904151,0.9484688381269533,0.991762385290931,0.9386971375989581,0.9921285144478358,0.9794437377339918,0.9533070884354434,0.061859150741789944,0.9997564165548417,0.9907313038877025,0.9879136486812561,0.9539514570433524,0.9684809254751463,0.9907313038877025,0.9893680169296649,0.9336879128010924,0.9884878554687482,0.9903387129837635,0.9925280702476313,0.9900930201357037,0.9994891082089536,0.9090781709252355,0.07039851628068838,0.999444224187844,0.9404079980357251,221199.16,1.4138336,1.0,0.0,0.0,0.0,0.0,0,0.0,0.0,0.0,0.0,0,0,0.0,0.0,0.0,0.0,0.0,0.0,0.0,0,0.0,252.49999897554517,0.0,0.0,0
1,0.6453568811180487,0.41795156159076213,0.6562351555923864,0.489230265857679,0.40487636127384125,0.08324391206224642,0.670775242096889,0.5334149412000982,0.38657281967643703,0.5050478264526442,0.38657281963549184,0.5251539996935601,0.17286135197036914,0.5095068743712331,0.468734156827332,0.26318021507010847,0.13717755338818582,0.3016815286177092,0.20888816884455566,0.20928156480995871,0.17111782029237665,0.5095530376627622,0.14417129006258025,0.1413940328316773,0.18831581029592823,0.21848314593654264,0.21275188195963293,0.1413940328316773,0.13966047064998438,0.4726881071977261,0.14944773163404182,0.18165254629941477,0.19149755073872884,0.1823539354228509,0.1406568937018912,0.4549971100140365,0.4197847651546139,0.16426599957924098,0.3188579096346527,1953233.4,1.0346718,0.006613861479068922,0.0,0.993386138520931,1.2400000393390656,117.27999912202358,0,0.7799999862909317,0.0,0.0,1.6800000071525574,0,0,0.0,0.0,95.59650291001165,0.0,10.130000174045563,0.5799999833106995,1.120000034570694,0,0.0,1.6700000166893005,0.7699999809265137,21.653496721184602,0
2,0.6109357840308968,0.4447602667258691,0.5722862228953255,0.4476337971405942,0.13621927801395142,0.06505241960891256,0.7248408194788332,0.33748611647193905,0.1398406677674291,0.590479537706549,0.13984066778327792,0.6131033404959156,0.14012599094253114,0.7530534840721607,0.6630728165149488,0.26671059273251096,0.07387317395577514,0.31518273694021093,0.16685952841745946,0.16693194797949243,0.13723532976943809,0.7320946476639774,0.09688765853301004,0.09827259078284774,0.15271586625379246,0.1768921004889135,0.19894523778328738,0.09827259078284774,0.0990901676747343,0.4701827288741107,0.1157878091516986,0.13505290821552876,0.13443189453301432,0.1446506334214878,0.10029043735162016,0.4698175034622893,0.6476704366739764,0.14533943132589086,0.33010378576671295,2243994.6,0.09206085,0.006613861479068922,0.993386138520931,0.0,0.0,0.0,0,0.0,0.7200000286102295,4.070000171661377,0.0,0,0,1.3499999642372131,105.34999905526638,0.0,14.960651010354187,0.0,0.0,0.0,0,124.37934872872648,1.6700000166893005,0.0,0.0,0
3,0.6422628505119589,0.4472691796191419,0.6522451326513634,0.5005391381716616,0.39396281262123817,0.08344383567205448,0.6840991287457223,0.5263327131571544,0.38657281961284967,0.5229477821452263,0.38657281963549184,0.5469105343357586,0.17256878947537033,0.5481249385863526,0.498965207009849,0.2636513690060944,0.13510422675773914,0.3009058700367148,0.21128624877430127,0.21215922830723938,0.16799845079996642,0.5459457828435041,0.1432010457241913,0.14072085785254262,0.19023548161655432,0.2141674544964131,0.2161967910994934,0.14072085785254262,0.13924811634795264,0.47089680846918697,0.14847522482539574,0.1826927561224531,0.19064905465505835,0.18340123292374216,0.14070424234552403,0.4618666277881863,0.454763951719127,0.16472967881183362,0.3181834847736258,2004036.2,1.0616454,0.006613861479068922,0.09999999999504737,0.893386138524656,1.2400000393390656,101.66999903260056,0,0.7799999862909317,0.0,0.0,1.0,0,0,0.0,11.249999940395355,86.98619695847631,0.0,10.130000174045563,0.5799999833106995,1.120000034570694,0,13.999999955908622,1.6700000166893005,0.7699999809265137,21.30380287268155,0
4,0.5740742383335335,0.4530413160981291,0.5813830424047134,0.49704575926410965,0.2949718659724539,0.08030183921727263,0.6740191510231632,0.43084892717498663,0.35656276506045037,0.5134183424707588,0.356562764977701,0.6340513549807077,0.16511205071305485,0.6273392494891485,0.5548302672258699,0.26418555272221983,0.11148542793993323,0.30090266254943737,0.1982681027162504,0.20118156602191986,0.1581725280403001,0.6130886228627968,0.13099736399258272,0.13020308340445963,0.1802675273618928,0.19718988930409106,0.21476441065882917,0.13020308340445963,0.12923894166934732,0.4631744871822887,0.13862479624723453,0.16895539796539838,0.1691871072413533,0.17356490587090417,0.13052148273569794,0.4577233955258449,0.5392872570052001,0.16074352992847482,0.31595992569838727,2154129.3,0.69295792,0.006613861479068922,0.8933861384778727,0.10000000004305831,0.27000001072883606,0.2199999988079071,0,0.26999999582767487,0.7200000286102295,4.070000171661377,0.1899999976158142,0,0,0.5799999833106995,97.40999901294708,6.835857048121989,7.580000162124634,1.399999976158142,0.0,0.4000000059604645,0,115.2199996917751,1.6700000166893005,0.7699999809265137,14.8941428942794,0
5,0.5448068012791188,0.20443282950711203,0.9070165759010858,0.9027805156530602,0.9267949191438902,0.8691669916752929,0.5361933378451212,0.7941213374482645,0.8432715664018302,0.4080942646359025,0.9038595406477792,0.40809426464541204,0.8870367563108541,0.10703294514976376,0.12448542088811475,0.8687474893360527,0.8964397894106613,0.869637631622641,0.9024375687835285,0.8942757746480746,0.8701793538278286,0.11112070684570807,0.9123283561769623,0.8963970127852845,0.8992815283035906,0.8615252845603363,0.8888279855784442,0.8963970127852845,0.8936284805763379,0.8745840932669834,0.9017233896363757,0.8961714818555293,0.9024621213184268,0.9003861777189914,0.9128230290213465,0.8537857474431484,0.10834699016545409,0.9182812191259744,0.8704962059174141,632583.33,1.7094909,0.8999999999342212,0.0,0.10000000006577876,0.0,22.44701353035654,0,0.0,0.0,0.0,0.0,0,0,0.0,0.0,2.8029863838071156,0.0,0.0,0.0,0.0,0,0.0,227.24999906138152,0.0,0.0,0
6,0.5142437943032372,0.20496313866642854,0.9055715859461656,0.9175393696448407,0.9450953954095473,0.9071948720347535,0.5142321314195157,0.7998627448216113,0.822945139497399,0.33970298057605286,0.9059478692971481,0.4181083219463883,0.9274098684668503,0.09893113361485921,0.11869235640720799,0.890284818970046,0.9360516786318543,0.8888680856848257,0.9358538614179175,0.9281162325018013,0.904040149853675,0.10212076092171095,0.9497388751054082,0.93680715740885,0.9351965000498144,0.8922941249980751,0.9242616544166773,0.93680715740885,0.9354155683963081,0.8988354791274188,0.942356827312902,0.9325708007313016,0.937214949163783,0.9370933376500691,0.950168894347131,0.8795891096452543,0.1089006036385599,0.9546742895893946,0.8966276716888455,683315.04,1.55799,0.9000000000601173,0.09999999993988273,0.0,0.0,0.0,0,0.0,0.0,0.0,0.0,0,0,0.0,11.199999794363976,0.0,0.0,0.0,0.0,0.0,0,14.05000008801093,227.24999909317026,0.0,0.0,0
7,0.5661488900506971,0.3878715167376099,0.7299181764103312,0.7080803194586137,0.42231958015849996,0.3308071770843611,0.7501297248686124,0.5044406892411769,0.4579145737590934,0.5085082626265688,0.4579145735475709,0.6485196964914064,0.3661232379933572,0.5566442061681166,0.4913343360848318,0.5250742496817046,0.3169773898911362,0.555358938037716,0.4159112448028274,0.4161130169704097,0.3567003384828336,0.5420143584000601,0.3605883044580132,0.3316708147135619,0.3943586281742994,0.4579450097512931,0.42429262840760407,0.3316708147135619,0.33296131567470133,0.6584647606245072,0.3418684714404606,0.387105155421524,0.3893689340850714,0.38751552197858824,0.3688964179265006,0.6687090880482734,0.4760651054929525,0.3926732498615371,0.566970215558441,2151663.9,1.6603341,0.10000000000439259,0.8999999999956074,0.0,0.0,0.0,0,0.0,0.0,4.070000171661377,0.0,0,0,0.0,96.87438599162763,0.0,7.5100001990795135,0.0,0.0,0.0,0,118.795612714513,25.249999898663646,0.0,0.0,0
8,0.6722393991383667,0.3243650790658987,0.8199251144227215,0.7077827008960127,0.5311250757937883,0.33216727831289744,0.7534693986641793,0.6126658791143089,0.5386729059814078,0.538672905909295,0.5386729060801116,0.5440558070171784,0.37039772297740853,0.42795815304015744,0.39177363322005554,0.5193642847040674,0.34509305870669954,0.5543448082469875,0.42751686967243546,0.42313627753040006,0.3656508915428105,0.42555152999574314,0.37550947875250457,0.34581358586861466,0.4032154313405074,0.4740503607482736,0.4227062416388509,0.34581358586861466,0.3440100539634954,0.6614604678232255,0.3553581089785471,0.40205585285504464,0.4142878473165753,0.399256971752369,0.37746728117257927,0.6589172830069622,0.3440100539479546,0.39876774253319586,0.5691111966981326,1945790.4,2.1287442,0.1000000000150508,0.0,0.8999999999586205,0.27000001072883606,116.88999915122986,0,0.0,0.0,0.0,0.8100000023841858,0,0,0.0,0.0,94.48146461169414,0.0,7.158535067391823,0.0,0.0,0,0.0,25.249999901354844,0.0,7.640000224113464,0
9,0.6131300158963028,0.23508267975917138,0.8983838970694993,0.8845117689043731,0.846802409668793,0.7321600210250957,0.5873767235650376,0.809355208758929,0.677006880491341,0.4349492604227893,0.9038595406477792,0.43494926043006277,0.7990646492228564,0.16727568809689516,0.18141679766075094,0.7718048497583627,0.8034465403691637,0.7844242968917041,0.7903477876212022,0.7879664034602056,0.7858540477619846,0.17381675973187866,0.8071318817141265,0.8044459820097556,0.7921130787440503,0.7606347777430579,0.7920663381659018,0.8044459820097556,0.8021388964902416,0.8128388392288012,0.8177850428566931,0.7813790867488284,0.7903879701541839,0.7909485142613345,0.8115156289967592,0.7975825266287405,0.15550187247904745,0.8197521245468306,0.7953166002736135,983097.53,1.893863,0.8000000000132618,0.0,0.19999999998598583,0.0,38.62496240094985,0,0.0,0.0,0.0,0.0,0,0,0.0,0.0,11.875037390620614,0.0,0.0,0.0,0.0,0,0.0,201.99999918378472,0.0,0.0,0
10,0.5593820753794221,0.4912076975626304,0.5970360379124723,0.5153684326205039,0.34393315699833304,0.0802620046797759,0.6809044649165882,0.4755593099368542,0.37179982869301853,0.506596512251524,0.3717998287223459,0.5925598967754899,0.16574140653592284,0.613098811132082,0.5513452920863529,0.26375045442130624,0.11807879047482175,0.29888484426923667,0.20161847906130478,0.20527061691424056,0.15618022209228957,0.6044172411645331,0.13281703522743235,0.13202499721887914,0.18171970903386053,0.204365767621058,0.2126006943943052,0.13202499721887914,0.13080239460917206,0.4646433777605032,0.13861980787045375,0.17147619391025615,0.17366803324752056,0.17384941604906623,0.1329832002292403,0.45657483049623443,0.526782137526204,0.1592374043961469,0.3151754483354017,2112564.6,0.84294678,0.006613861479068922,0.7933861384797722,0.20000000004115875,0.27000001072883606,3.189999982714653,0,0.7799999862909317,0.7200000286102295,4.070000171661377,1.0,0,0,0.5799999833106995,89.07999933216819,17.624053100194423,0.9700000286102295,10.130000174045563,0.0,0.4000000059604645,0,104.90999960899353,1.6700000166893005,0.7699999809265137,16.33594656464024,0
11,0.6373866827866765,0.4539356431648597,0.6476894083038406,0.5046278193580638,0.3897077116753568,0.08286135449075155,0.6887051372842887,0.5288418055691936,0.38233774346241356,0.5321072021136556,0.38233774347231564,0.5573628904153818,0.17076231560162983,0.554130793298688,0.5035133950496035,0.2650127691144427,0.13374970522118554,0.30156610920861515,0.20955623708793278,0.2118301060948603,0.16303585446032595,0.551119297142643,0.14171144396275384,0.1397283752307233,0.18876649080861044,0.21447554235959404,0.21566253266428131,0.1397283752307233,0.1386040423027994,0.4722759220008643,0.14770535731374382,0.1810142620029428,0.18871177060061012,0.18185908068955134,0.13934678752121032,0.46361697976862004,0.4615191947072093,0.16339009374990954,0.3190653441158325,2038684.6,1.0476138,0.006613861479068922,0.19999999999929202,0.7933861385216391,1.2400000393390656,77.2208419839972,0,0.7799999862909317,0.0,0.0,1.0,0,0,0.0,16.379999816417694,86.97999957203865,0.0,10.130000174045563,0.5799999833106995,1.120000034570694,0,34.119999978512574,1.6700000166893005,0.7699999809265137,20.509157409406278,0
12,0.5531126947276214,0.37559602239887646,0.7854120457897334,0.797271947478515,0.5508624650191611,0.4236690378749112,0.7231943126574462,0.6145949525580036,0.49360700920967715,0.49360700904322047,0.4936070089669945,0.5961601007070443,0.46643933866698684,0.4823595974455983,0.4437945927000456,0.6093381444466817,0.427645292970492,0.6356946424048531,0.5126127118753323,0.5147389905520717,0.4525869414064955,0.4744710256359399,0.4684797809145066,0.4381437096201763,0.49194431658435217,0.559102347901067,0.5128188399782795,0.4381437096201763,0.43885999308265106,0.7171518821881754,0.4475937546207065,0.48541750047593896,0.4912287173982503,0.4857895781990004,0.4790343558783072,0.7176001761167189,0.42764529289972547,0.4943432762776605,0.6443510826773772,2063186.4,2.163513,0.20000000002158339,0.7999999999784165,0.0,0.0,0.0,0,0.0,0.0,4.070000171661377,0.0,0,0,0.0,88.4575468214104,0.0,0.0,0.0,0.0,0.0,0,109.47245218191455,50.49999980055884,0.0,0.0,0
13,0.661139673994779,0.3418788249649988,0.8439342833184609,0.7762694826678633,0.5613100155785514,0.33427888201108336,0.7616576008469265,0.6425463742657996,0.5580696766013717,0.5580696766579905,0.5580696766477499,0.558069676630148,0.39198684624481656,0.43920342904489124,0.4148203474945738,0.5527513553085804,0.37057223784537957,0.5859860935319561,0.4477285183372126,0.4478812696208532,0.38603108060220365,0.4384621309272381,0.40689517298856226,0.37208853094217487,0.4191429124538781,0.5004297144734774,0.4386366152108681,0.37208853094217487,0.3710783708256887,0.6974675540942574,0.3809354361772456,0.42026002663712064,0.4322012575587107,0.4151830336357964,0.41216872065096766,0.6910769327924121,0.3705722379172004,0.4294107999814773,0.5999529131147124,1921477.6,2.339374,0.1999999999592107,0.0,0.8000000000407894,0.0,123.4939734592589,0,0.0,0.0,0.0,3.0323319347953936,0,0,0.0,0.0,75.47369379668115,0.0,0.0,0.0,0.0,0,0.0,50.49999978480973,0.0,0.0,0
14,0.592160027898117,0.25815572511882634,0.872187051124272,0.8948576253728764,0.8424337104576209,0.7471215977786221,0.5739238213591319,0.8141227997069231,0.6397362383172909,0.40301883689434626,0.9059478692971481,0.4509165671778436,0.8162495368370406,0.1889220686585204,0.2041231425441071,0.773795888023954,0.8194569831648163,0.7885009083373444,0.7998237363254874,0.7997463742763428,0.7991965604896544,0.19212028890048613,0.8214474740240383,0.823531766945695,0.8053985319084614,0.7680156171396794,0.8054226259362764,0.823531766945695,0.8222656720980269,0.823338897853411,0.837458696260736,0.7919549398429904,0.7990363056775203,0.8039455643693054,0.8267800715717426,0.8014553767483229,0.18892206869278338,0.8338835907303419,0.7979564681074726,1037837.6,1.8750424,0.7999999999785236,0.20000000002147642,0.0,0.0,0.0,0,0.0,0.0,0.0,0.0,0,0,0.0,23.46208054464936,0.0,0.0,0.0,0.0,0.0,0,27.037919255882468,201.99999917501333,0.0,0.0,0
15,0.6478897292997129,0.3241213919585513,0.8542817578245334,0.8160398790381469,0.6198830696324581,0.3762952582491573,0.7374263333930279,0.6963969903604237,0.547449268132653,0.5474492680884399,0.5474492677438927,0.5474492681430515,0.45797261229248276,0.40148660544568443,0.3858145544771419,0.5672492283437183,0.4406586797894367,0.592210119055843,0.4909245685713142,0.49575164241645153,0.456831216202462,0.40327294090012317,0.46792004922416647,0.4419124600095432,0.46648635184014037,0.5264364229118147,0.4866266317209854,0.4419124600095432,0.4414391455374482,0.7065590555937568,0.454331778965556,0.46531124165252424,0.47525515703550064,0.4621008348374899,0.47510485787332957,0.6988108634681623,0.34448065221203916,0.4877123914867204,0.6052909891912575,1837591.8,2.3235344,0.2999999999836256,0.0,0.6999999999915824,0.0,116.26296478267783,0,0.0,0.0,0.0,0.0,0,0,0.0,0.0,60.487034498078316,0.0,0.0,0.0,0.0,0,0.0,75.74999968852902,0.0,0.0,0
16,0.5612464743230016,0.3267769750307497,0.8310300773735939,0.8886922085699901,0.7419352593854805,0.5612395464356226,0.6371737291755563,0.765203336432023,0.5798165135532248,0.4606501194551928,0.889550622681386,0.5033213731706688,0.661343610720745,0.31620895485423994,0.3200341098021319,0.6540609326920992,0.6520873998099268,0.6733828099721584,0.6583685005867506,0.6656042225796074,0.6454348626114982,0.3162815444467719,0.6654117950977377,0.6579927123120902,0.6535427211628843,0.6356498598246675,0.6630229975825227,0.6579927123120902,0.6579918259962128,0.7637202601612566,0.6708319940734438,0.6410576953075682,0.6479201232128712,0.6493680840193016,0.6749686512839815,0.7450588403466963,0.3077162828833364,0.6794016455949142,0.6846015663131324,1311432.0,2.1144457,0.699999999984092,0.30000000001590793,0.0,0.0,0.0,0,0.0,0.0,0.0,0.0,0,0,0.0,37.179999589920044,0.0,0.0,0.0,0.0,0.0,0,38.57000010676026,176.74999927886486,0.0,0.0,0
17,0.5928158722481303,0.48651758412073626,0.6166192159563094,0.5109954713593264,0.35780444230502123,0.08151834630421072,0.6769721876768123,0.48747607506003343,0.3717998287878933,0.5076690083839135,0.3717998287223459,0.5731013407671891,0.16946415674941093,0.6005646949841316,0.5428009231093595,0.26289886628792625,0.12331346518726365,0.298005975186321,0.20248261203228293,0.20894570888325917,0.16132215613139567,0.5930757751257769,0.13499143339786973,0.13484555759204117,0.18295960117558813,0.204989356392516,0.21588985060621246,0.13484555759204117,0.13418893808199825,0.4639450334540524,0.14286431363515456,0.17313022128188357,0.17703095281160308,0.17534737065808856,0.13492088560346,0.45828385880955386,0.5149380634384562,0.1605401727036526,0.31440470680930177,2101176.7,0.92787655,0.006613861479068922,0.6933861386812009,0.2999999998397302,1.2400000393390656,6.860000059008598,0,0.7799999862909317,0.7200000286102295,4.070000171661377,1.0,0,0,0.5799999833106995,73.76999948309019,38.79454566225977,0.0,10.130000174045563,0.0,0.4000000059604645,0,95.93999963998795,1.6700000166893005,0.7699999809265137,15.77545374436452,0
18,0.6275702738519154,0.4651545348431544,0.641461538047651,0.508612945566408,0.3822611067195819,0.08148351005663569,0.6980165291093309,0.5272684229113018,0.37520303073259526,0.5364502810277963,0.3752030307256497,0.5608987051507771,0.1668551637431822,0.5706594568576894,0.5179447166246619,0.26724224221802956,0.13004258360940119,0.30526560129585173,0.20662788588145542,0.20937340930220974,0.15825404496482476,0.5667158090067415,0.1385459292944026,0.13679135878360546,0.18598388228592572,0.21462093185947917,0.2131140817016982,0.13679135878360546,0.1362079583538818,0.4744119946894185,0.14496848947742785,0.17816302096670392,0.18521294907095312,0.17902805167191022,0.1371285353379951,0.46501858938741014,0.47724149289508944,0.16157117085401573,0.322472029858806,2070604.3,1.0182917,0.006613861479068922,0.29999999990063453,0.6933861386202965,1.2400000393390656,58.44999935192982,0,0.7799999862909317,0.0,0.0,1.0,0,0,0.0,22.41393460334862,81.84999957680702,0.0,10.130000174045563,0.5799999833106995,1.120000034570694,0,53.33606506422516,1.6700000166893005,0.7699999809265137,19.160000164061785,0
19,0.5489752214833176,0.3843241915251505,0.7865340584758418,0.8348934628535108,0.5812438957008116,0.4179366634447081,0.7269413762355005,0.6531223449982497,0.5138952597366134,0.513895259824261,0.513895259920219,0.6022476631671733,0.47726532704484353,0.4876559881749643,0.4522954306124666,0.6001705898633596,0.4412552012659,0.6244168444320861,0.5176495886618601,0.5263194871461698,0.45915088280261657,0.47934003497272,0.47773599202164774,0.4505781134317159,0.49783377719700883,0.5594696808137717,0.5227126604928447,0.4505781134317159,0.4520170660879055,0.7192019270211325,0.46042594806143416,0.4902953113759246,0.49565762982102746,0.49109170140202185,0.4894980914261562,0.7111755563309583,0.4412552013126317,0.502058886945708,0.6356052226808786,1987075.3,2.2905503,0.3000000000715802,0.6999999999284199,0.0,0.0,0.0,0,0.0,0.0,0.0,0.0,0,0,0.0,109.92065479252129,0.0,0.0,0.0,0.0,0.0,0,66.82934447228634,75.74999971073754,0.0,0.0,0
20,0.6402256931043293,0.28195159453845303,0.8823262294786923,0.868920120500367,0.7576807401471725,0.550478538871527,0.6508792642071513,0.8023801387923556,0.5660021961787216,0.47641921081364613,0.9038595406477792,0.4764192109267267,0.6575880927896437,0.26704758288372094,0.2752181857014376,0.6476166435105308,0.6513017118106308,0.6694768749428355,0.653338100878443,0.663853157057242,0.649997617818667,0.273561123937958,0.6609382807331291,0.6516585809422303,0.6480270018373656,0.6202636236468454,0.6651060268925204,0.6516585809422303,0.6508716303065311,0.7515251359301428,0.6693373635865953,0.6364811443077936,0.6492110609721746,0.6446192877890552,0.6695973659734855,0.7400630753725335,0.2413338188612527,0.6781588317511293,0.6817915864105832,1240327.1,2.1267851,0.7000000000183747,0.0,0.3000000000026551,0.0,54.70940349737568,0,0.0,0.0,0.0,0.0,0,0,0.0,0.0,21.04059619595828,0.0,0.0,0.0,0.0,0,0.0,176.74999928752123,0.0,0.0,0
21,0.6014195657311799,0.48879682210168474,0.6205439979722981,0.5139691853685867,0.3637316841191294,0.08177667950172561,0.6885271485240021,0.5014340408956486,0.37179982879723483,0.5272699473222092,0.3717998287223459,0.5712335257703273,0.1697084207827614,0.599213479670966,0.5420900775407811,0.2660377753919829,0.12524122599444007,0.30241324900669375,0.20214956941085616,0.2087774753837038,0.16122606020179225,0.5927616189395687,0.1361147100287291,0.13593584990474247,0.18268996955022068,0.20780791027089923,0.21507249054036448,0.13593584990474247,0.13498587682003374,0.46664721872738024,0.14398770891526147,0.17318459250136073,0.17771237189517192,0.17535126982742594,0.13547748773830015,0.4618519240284492,0.5096862222563728,0.16069728686927406,0.319768533270046,2106503.9,0.95955071,0.006613861479068922,0.5933861385386083,0.3999999999904019,1.2400000393390656,12.920000075555725,0,0.7799999862909317,0.7200000286102295,4.070000171661377,1.0,0,0,0.5799999833106995,56.68999950661571,58.17868105556329,0.0,10.130000174045563,0.0,0.4000000059604645,0,87.76999968290329,1.6700000166893005,0.7699999809265137,15.581318270113004,0
22,0.6595088136581496,0.30496199440933097,0.8628181058218359,0.8238239557144579,0.6440156549681693,0.42063351039314884,0.7220376866323133,0.7083699348029769,0.534277922117407,0.5342779220544023,0.5342779221509273,0.5342779221878646,0.5078691193808965,0.37509948735248066,0.36197954898061496,0.5989652490790488,0.4913838688495696,0.6230263289967735,0.5297989434622509,0.5323108066114788,0.5073362290790586,0.3777508434162125,0.5154385925331207,0.4927658090480962,0.5088766608040138,0.5621190761318995,0.5274784335183021,0.4927658090480962,0.4921266291447602,0.725910939775554,0.5074963941708764,0.5056347601845326,0.5168409783061514,0.5048401603319899,0.5237298701788788,0.7175798854359514,0.32425647329777074,0.5381071923819469,0.6355450873018258,1748147.9,2.2889752,0.40000000008204534,0.0,0.5999999998765684,0.0,101.4813147661083,0,0.0,0.0,0.0,0.0,0,0,0.0,0.0,50.018684588052366,0.0,0.0,0.0,0.0,0,0.0,100.99999961093451,0.0,0.0,0
23,0.6168390258158984,0.47804834171999255,0.633375470973846,0.510883310963442,0.37588891866541024,0.08175203463452195,0.6905324268069433,0.515560446822985,0.3752030307085973,0.5480399945225817,0.3752030307256497,0.5707634758524888,0.1669908820672422,0.5825347685458078,0.527113604687424,0.2699791849279668,0.12809014267780622,0.30922628581834066,0.2062205582173915,0.20999819973992237,0.155932726570526,0.577188503865236,0.13846470518668735,0.13654993670355767,0.18656495743881044,0.21407835494944452,0.21468293737665828,0.13654993670355767,0.13621934714318898,0.47453913576017087,0.14511850093092954,0.17792770649242706,0.18426106547999194,0.17979786952238497,0.13758838274088434,0.46671008079415127,0.49044462722967114,0.16295274054405862,0.32645515214849513,2086971.4,1.002856,0.006613861479068922,0.4000000000029212,0.5933861385180099,1.2400000393390656,38.93999955729395,0,0.7799999862909317,0.0,0.0,1.0,0,0,0.0,36.41000015362352,75.86551274563277,0.0,10.130000174045563,0.5799999833106995,1.120000034570694,0,64.58999943733215,1.6700000166893005,0.7699999809265137,19.404486866490007,0
24,0.6425009325835501,0.2956111903145592,0.8735445405198986,0.8591478093491325,0.715640243599459,0.49195552328333536,0.6854773192970469,0.7752080170740078,0.5242163607275208,0.5037698616707718,0.7353059382962371,0.5037698616704905,0.5928245640263757,0.3130683964052587,0.31403362959893594,0.6232351965686526,0.5825510771882697,0.6476207200761026,0.6059007311732244,0.6131023766241466,0.5833760193820885,0.31884205131219,0.6022286026283744,0.5835696384147727,0.5922026531008404,0.5899875063963884,0.6098051765530711,0.5835696384147727,0.5827445756920822,0.7365514404510867,0.5998377190227049,0.5841282607800942,0.5978947206051703,0.5888483444021969,0.6102855218151045,0.7261217936162434,0.2769220385717908,0.6215317856865538,0.6602219363792751,1424863.3,2.2108538,0.6000000000422211,0.0,0.3999999999577789,0.0,78.20999961770421,0,0.0,0.0,0.0,0.0,0,0,0.0,0.0,22.789999961853027,0.0,0.0,0.0,0.0,0,0.0,151.4999993959879,0.0,0.0,0
25,0.5528078315414183,0.35346742667303266,0.8140214145846965,0.8838341588755605,0.6933331958489592,0.5024811032411359,0.670159668128968,0.7379500881580234,0.5377175332488239,0.4772068908285773,0.7208600809936462,0.5528800136590623,0.5992137591790383,0.36758081063735076,0.3598235034598376,0.6354459792465533,0.5845274088865338,0.65754382475996,0.6097466157722774,0.6160899672272417,0.5810666613329418,0.3659173090005507,0.6050983659368423,0.5918652237149724,0.597548598973697,0.6116869701537779,0.6104104101197344,0.5918652237149724,0.5926087034459182,0.755054327635915,0.6043554171768476,0.5871569724966492,0.5937119464966686,0.5922193265320793,0.616416794211421,0.7390364106749644,0.34685235548394094,0.6235186217206486,0.6693117689725776,1542832.9,2.1769994,0.5999999999747574,0.40000000002524266,0.0,0.0,0.0,0,0.0,0.0,0.0,0.0,0,0,0.0,52.63999998461807,0.0,0.0,0.0,0.0,0.0,0,48.35999961197376,151.49999937895333,0.0,0.0,0
26,0.5316052073628653,0.3975115989968206,0.7834661767857918,0.8617692795773988,0.6066351337744261,0.40764450220927545,0.7215949132067498,0.6672337286635811,0.5147739257565259,0.5147739257459479,0.5147739258673829,0.5999582459780872,0.48440186014347825,0.47144707631654675,0.4438332770298583,0.5816190434752986,0.4524816206919276,0.6043698265643623,0.5237792125620184,0.5311882477091294,0.4625036937827727,0.463814578551279,0.4868662031323873,0.4617536282168362,0.5004131983756653,0.5484549618080953,0.5200545051911569,0.4617536282168362,0.4637171068720864,0.7221933096994385,0.46967414486336856,0.49436268800186695,0.49804057791073775,0.49318607160338906,0.500084320699031,0.7090745748533198,0.43546414938362193,0.5094289448191927,0.6155313544047769,1870880.5,2.3145204,0.4000000000381071,0.5999999999482691,0.0,0.0,0.0,0,0.0,0.0,0.0,0.0,0,0,0.0,90.71792618886063,0.0,0.0,0.0,0.0,0.0,0,60.782073183404435,100.99999959984011,0.0,0.0,0
27,0.5464222007164397,0.3795538095871942,0.7950566539893553,0.8693964469003969,0.6489351024534025,0.4587518556254324,0.7000705559052635,0.696042153355167,0.5108974347146691,0.510897434622734,0.5108974345768356,0.5708751952995622,0.5460818251406745,0.43243358502766016,0.4102535706694294,0.6181733080721911,0.5193371005303428,0.6417479840429327,0.5685348834220074,0.5772746807265879,0.5257019270104913,0.42681742158094316,0.5479103702440993,0.5278319894403792,0.552473743261471,0.587143418758162,0.5707984163519944,0.5278319894403792,0.5294675724039122,0.7437204060060609,0.5394875440636828,0.5427824670631741,0.5487995810847445,0.5459900086364128,0.5607834947939909,0.7314050355535385,0.4007423755589838,0.5696349441245284,0.6537387663446608,1727165.0,2.2932554,0.5000000000269582,0.49999999997304173,0.0,0.0,0.0,0,0.0,0.0,0.0,0.0,0,0,0.0,74.7199999119072,0.0,0.0,0.0,0.0,0.0,0,51.52999956905842,126.24999949457954,0.0,0.0,0
28,0.607513323337369,0.48228721555995874,0.6297419734338688,0.5130100396727606,0.37342222827096205,0.08161259760351795,0.6914702071475987,0.5129466970016663,0.3752030307085973,0.5462290331704137,0.3752030307256497,0.5738738469081427,0.1663919596808319,0.5870281744536131,0.5312359875473551,0.2717176274470886,0.12702918029111404,0.31100948431582554,0.20545296251328837,0.2100722899653347,0.1549514366048436,0.5814077999906759,0.13784565959197265,0.13578374737031815,0.18570820176161315,0.21482293574326747,0.21497996675869252,0.13578374737031815,0.13543691415904568,0.47589765272026685,0.1442602926451738,0.17708050141955903,0.18326430361351814,0.17896134713255102,0.13688479375184334,0.4680933404314231,0.4947399846661651,0.16244803069393832,0.3280528142258008,2093500.6,0.98845383,0.006613861479068922,0.4933861384708642,0.5000000000500668,1.2400000393390656,22.87999978994402,0,0.7799999862909317,0.7200000286102295,0.0,1.0,0,0,0.5799999833106995,49.869999408721924,69.6455126574179,0.0,10.130000174045563,0.0,0.4000000059604645,0,73.41000003779855,1.6700000166893005,0.7699999809265137,19.404486866490007,0
29,0.6417772901353798,0.30163141530509663,0.8689848369847489,0.8428378156321998,0.6746093858382746,0.44560190207697387,0.7066975155333792,0.7371644727778397,0.523474358634149,0.5234743587283712,0.5234743586935733,0.5234743587354107,0.5390339604587058,0.34868615245048834,0.3410716922254567,0.6121480229273802,0.5267756707534498,0.6349263618024932,0.5578531233396199,0.564362943791398,0.5325997335915185,0.3530571827164656,0.5484554930915139,0.5280585453423672,0.5388864264170847,0.5781734674216643,0.5583272477009333,0.5280585453423672,0.5276552677605689,0.7287316202715817,0.5432516911961229,0.5339913594628408,0.5456641477637143,0.5347281320850945,0.5572764907063908,0.7203707264625172,0.30298039623761897,0.570030763536426,0.6474307917235871,1603210.3,2.249381,0.4999999999870789,0.0,0.5000000000213568,0.0,89.7203110511362,0,0.0,0.0,0.0,0.0,0,0,0.0,0.0,36.52968844202898,0.0,0.0,0.0,0.0,0,0.0,126.24999948451,0.0,0.0,0
30,0.6493442921038625,0.3554934022874998,0.8160956199445096,0.7194914350503694,0.5310440708978054,0.32371506335519334,0.7507505074004618,0.6151741735274467,0.5459633027445473,0.5459633028531581,0.5459633029256622,0.5650590097058161,0.36613016258921555,0.44529424374082155,0.4028448795761929,0.5151986018384134,0.3383238554318839,0.5492610558601009,0.42465786179216464,0.4217166054886248,0.3561204805237185,0.44200658617014016,0.3687650504402366,0.3390756376501725,0.39960414661332677,0.4681354038848035,0.41897778010196723,0.3390756376501725,0.33828960271710484,0.6611953363559969,0.3481409558994095,0.39691646988110746,0.40934621286561834,0.3939868561770872,0.3731203826434265,0.6654728424473507,0.3584803379064364,0.39152746707213665,0.5632867251264959,1983436.2,2.1461458,0.10000000001318618,0.09999999993819501,0.8000000000364209,0.27000001072883606,96.84999912861414,0,0.0,0.0,0.0,0.8100000023841858,0,0,0.0,16.070000053610134,88.6802470310269,0.0,7.170000195503235,0.0,0.0,0,9.179999828338623,25.249999900884028,0.0,8.219752821375087,0
31,0.5484333802007542,0.4061477579277934,0.7544234663446711,0.7380281311776599,0.48297313903061734,0.3323465719824576,0.7523550708543494,0.5564593479788547,0.5177293268405689,0.5177293268527592,0.5177293273375316,0.62249557383914,0.37209465015083637,0.5293393876624264,0.4686835869318848,0.5309894729338996,0.32798598937237905,0.5612197676646093,0.42276166423958705,0.4234180240745744,0.3579865788066497,0.5174031439382133,0.3651591405444893,0.3376645094116745,0.3993426206021753,0.4721085831680695,0.4252400912553749,0.3376645094116745,0.3381772086074873,0.668655343924031,0.3458378384976124,0.3938776429017274,0.3998735334321348,0.39232803539725075,0.37317933854138696,0.6764595223867692,0.44791390513133356,0.3930708423002386,0.5744455934781284,2093060.9,1.897208,0.10000000002574891,0.7999999999870085,0.10000000002035148,0.27000001072883606,1.4900000095367432,0,0.0,0.0,4.070000171661377,0.8100000023841858,0,0,0.0,91.56999897956848,9.977991824184732,0.0,7.170000195503235,0.0,0.0,0,106.36000002592593,25.249999904056118,0.0,5.532007860355533,0
32,0.6062574390428834,0.2572655892126955,0.8845110917372904,0.8887029332682572,0.8404076806937614,0.7280418816013358,0.5907453046440122,0.8137596055463613,0.6716912094431293,0.4464924641436229,0.9038595406477792,0.446492464138696,0.796949607992402,0.18718293454697796,0.20274295386241262,0.7676360458284771,0.8031203556936182,0.7806793653373223,0.7864125756440997,0.7850228861512668,0.7808744229868183,0.19119329294759796,0.8047823162113185,0.8051498992517423,0.7895989698015089,0.7587157764219814,0.7893221778433486,0.8051498992517423,0.8036030614555042,0.8197873089410567,0.8195825909483218,0.777485723556069,0.7860160222399581,0.7881260236501972,0.8100120484994142,0.8020418962287701,0.18295980245535168,0.8183187905122757,0.7912796315883657,1015493.1,1.9679715,0.8000000000024069,0.10000000000409526,0.09999999996419096,0.0,17.55776266510677,0,0.0,0.0,0.0,0.0,0,0,0.0,8.972237413708681,7.692237223405957,0.0,0.0,0.0,0.0,0,16.277762484879887,201.99999918104388,0.0,0.0,0
33,0.6140104196405807,0.32713068666465617,0.8583710932110598,0.8747104551991374,0.7512051290919949,0.5439984412825601,0.651118614006371,0.7954832300016588,0.5524179204325066,0.5027847175065965,0.9012306970763166,0.5027847173659852,0.6521008289510993,0.30010642302337426,0.3097671261864521,0.6386639345492227,0.6447587541162986,0.6613485948078582,0.6492514584263813,0.6577342770903987,0.6410032391564876,0.3039238972382892,0.6554046020682784,0.6463603739480988,0.6440384056968819,0.6157833080001368,0.6569202380310835,0.6463603739480988,0.6451415461358513,0.7519646709904452,0.6618855953676841,0.6317412800813338,0.6436241093664197,0.6406533161639049,0.6641146855427362,0.737046812078334,0.28308080704034383,0.6710849386777546,0.6731654214408114,1264231.9,2.247232,0.6999999999762161,0.10000000016561605,0.1999999998581679,0.0,35.65462849734965,0,0.0,0.0,0.0,0.0,0,0,0.0,14.414628978528434,14.845371261946784,0.0,0.0,0.0,0.0,0,10.835370960844136,176.74999927687617,0.0,0.0,0
34,0.640558487563491,0.3604734238503304,0.8074681708196384,0.7281331405681413,0.5303705690453433,0.3229617294154816,0.7553447409207807,0.6215521180699674,0.5508622958170792,0.5508622958188123,0.5508622958281295,0.5784362809777785,0.36531790470054154,0.45583584743693456,0.41112836857016316,0.5183174084304272,0.3369279474523875,0.5513673045736907,0.4238684492940497,0.42280299836338064,0.35181773989668946,0.45130200465286285,0.3675228724817528,0.3377950324498919,0.3989279990267931,0.47033583022067366,0.4195044855513217,0.3377950324498919,0.3373820246252405,0.6640568449201322,0.3470473804116037,0.3958712775414016,0.40849056741291667,0.3931651815296218,0.37218378300878197,0.6682132008161433,0.3689994886352154,0.3904130808223807,0.5657546503946853,2009860.1,2.1415731,0.099999999993621,0.20000000008052618,0.6999999999527835,0.27000001072883606,71.599999195121,0,0.0,0.0,0.0,0.8100000023841858,0,0,0.0,15.699999809265137,87.65775512316698,0.0,7.170000195503235,0.0,0.0,0,34.80000000617676,25.24999989594382,0.0,9.242244744055212,0
35,0.5634900134947829,0.38335230889318656,0.7872839169655637,0.8065196873694453,0.562508983644679,0.41195520018472476,0.7509621824452433,0.6289360533715648,0.5637939068982964,0.5637939069292287,0.5637939073368265,0.5901467510000727,0.45467794318039784,0.4739140338261583,0.4366414249390503,0.6024923807320913,0.4155610217698816,0.6266110233696981,0.5116251903671044,0.5180426761843347,0.43394491728285106,0.46699999152676724,0.45978677304189614,0.42464207482332533,0.486436655379737,0.5492208744276794,0.5109675800861222,0.42464207482332533,0.4248483171376181,0.706930948979867,0.4314531978505947,0.4822027464142621,0.4882020943469013,0.47996837046634355,0.4690290783052427,0.7086289200901861,0.4155610217228735,0.4846934813755346,0.6359785903859037,2050871.8,2.3080019,0.2000000000258932,0.6999999997551587,0.1000000002189482,0.0,1.2799999713897705,0,0.0,0.0,4.070000171661377,0.0,0,0,0.0,71.31599692683243,23.969999981449167,0.0,0.0,0.0,0.0,0,101.36400212256537,50.499999801647064,0.0,0.0,0
36,0.5631348210886934,0.40552317567515034,0.7632865922785032,0.7389901382786386,0.49794771147900113,0.3333113685108275,0.7510692466712846,0.5740072334940926,0.5360544944881921,0.5360544946392294,0.5360544946248431,0.6028660464709464,0.3759035967478215,0.5177071417831588,0.45994383614946527,0.5300100152601592,0.33381797915388867,0.5603804066312225,0.4235213200609286,0.4267443608327288,0.3622956495781642,0.5069235922239975,0.36771533911135323,0.3413164393077351,0.4003358408729636,0.4738983605477571,0.4279120887604054,0.3413164393077351,0.3418880525490365,0.6688105526712801,0.3502990016700959,0.39511546796923186,0.40234106278248855,0.39326596028095934,0.3754192194787312,0.6796487855067482,0.4365081447902814,0.3946353931002454,0.5743729815908493,2083036.3,1.9857629,0.09999999999212557,0.700000000025496,0.1999999999697369,0.27000001072883606,6.440000057220459,0,0.0,0.0,4.070000171661377,0.8100000023841858,0,0,0.0,72.6415632517435,29.70832193226129,0.0,7.170000195503235,0.0,0.0,0,100.03843586591447,25.249999895566223,0.0,6.1016775893696,0
37,0.6069436167269403,0.34273621257710435,0.8501270117933557,0.8754322154777961,0.7434942352283904,0.5431272429599381,0.6500475464051247,0.7919604157624384,0.5382121662447179,0.508519083712659,0.9012461948066731,0.5085190838433143,0.6487964362753608,0.30721133279233126,0.31673724039039153,0.6373427644077938,0.6430001572138911,0.6601635962128485,0.6487339000306415,0.6564079945393506,0.6363538503794043,0.3098702050499396,0.6553190907589492,0.6464427838388632,0.644520461058126,0.6129514400306547,0.6562827165047871,0.6464427838388632,0.6460807567691371,0.751760092057067,0.6631739995380471,0.630690309975791,0.6419212108635793,0.6408179465476477,0.6643431983753326,0.7347919866732722,0.294595496108177,0.6720819872494621,0.6716248537013771,1286707.8,2.2743711,0.6999999999969094,0.20000000001935572,0.1000000000787686,0.0,14.076827348347283,0,0.0,0.0,0.0,0.0,0,0,0.0,22.960000076561904,11.173172569096304,0.0,0.0,0.0,0.0,0,27.53999972343445,176.74999928210124,0.0,0.0,0
38,0.6422447677528196,0.3539540176515723,0.8349356997380503,0.798697252687343,0.5824405235787846,0.36708179132905383,0.7553997965099056,0.6697701821823439,0.5579618006883577,0.5579618006162808,0.5579618008002291,0.5579618006873855,0.4253956331068649,0.45422741935534017,0.4308577448644803,0.5680662332911207,0.3941192653914262,0.601658494737069,0.4717552800912821,0.47913158817198964,0.41244351986969613,0.4517796273439475,0.4277966934832723,0.394800661615734,0.44747184267780254,0.5253402009239466,0.4707079011441471,0.394800661615734,0.39490773401733176,0.7011874573693436,0.40337638229885386,0.4446568943174713,0.4581225531584708,0.442353196487885,0.43472440712969596,0.6931368428750044,0.3941192653827133,0.4478799530995963,0.6133224184201426,1947049.0,2.3999078,0.20000000000557433,0.09999999999186092,0.7000000000366241,0.0,96.29383558295653,0,0.0,0.0,0.0,3.8646433475999924,0,0,0.0,16.549999952316284,76.59152036157268,0.0,0.0,0.0,0.0,0,8.699999943183114,50.499999796516555,0.0,0.0,0
39,0.6005540826795059,0.3408828804727218,0.8497743739243536,0.867800999574728,0.7054557093265325,0.46545659430665237,0.6989495807041566,0.7643531115421324,0.5401359732315483,0.5401359733319674,0.7272973705665937,0.5401359732303459,0.5717975177360932,0.3616607759980981,0.36252844817850344,0.6011452406515365,0.5599387631535409,0.6270607025019522,0.5884340194676984,0.5978388876202435,0.5559114500186354,0.36268232475232914,0.5798025699992301,0.5612618200479181,0.5715082582371989,0.5711189954693546,0.5888455516429548,0.5612618200479181,0.5606398245269607,0.7446887493379628,0.5736793181768387,0.5649183087531351,0.5762107843500945,0.5675484759577455,0.5887930945566198,0.7291056268717971,0.3349286197238256,0.5962729520824551,0.6385199789251245,1453425.0,2.3586026,0.6000000000649703,0.09999999993524096,0.29999999998616506,0.0,54.01941104052287,0,0.0,0.0,0.0,0.0,0,0,0.0,13.489999890739606,21.730588648647352,0.0,0.0,0.0,0.0,0,11.759999990463257,151.4999994017321,0.0,0.0,0
40,0.6265432518847994,0.3674897204230493,0.8019493293504953,0.7274253367812035,0.5274533285003563,0.3236248387878035,0.7586379389327936,0.6132894013702337,0.5606753349392036,0.5606753347499182,0.5606753350610264,0.5793517143013406,0.3651071019958421,0.4689475894558811,0.42236538618152714,0.5212226798220095,0.3360927903929074,0.5538389872235185,0.42467524920438554,0.4242073575780454,0.34862612629236217,0.46325397246539113,0.36715589548410116,0.33766851028104083,0.39964537175027137,0.47095827570942095,0.4203481347220871,0.33766851028104083,0.33760980629801324,0.6659941230597444,0.34651434113114205,0.3962668328494443,0.4080424142598132,0.3934963137599416,0.3725853889229905,0.6696570929563921,0.3822004885351366,0.3908014398410524,0.5683902064632174,2032802.1,2.1368171,0.10000000003472481,0.2999999999868097,0.5999999999784655,0.27000001072883606,51.58726161581863,0,0.0,0.0,0.0,0.8100000023841858,0,0,0.0,18.619999766349792,81.8334172799784,0.0,7.170000195503235,0.0,0.0,0,57.1299999229832,25.249999906322532,0.4893200036791706,9.34000027179718,0
41,0.5867226446234091,0.40186461721686245,0.7759092491854405,0.735923990799971,0.5110219717195582,0.33444670033468,0.7551795613296655,0.5911779476613144,0.5411327159702202,0.5411327160226054,0.5411327158616415,0.5942050517476085,0.37639342219010496,0.5047353710220022,0.4525405474586976,0.5292834494546063,0.3386357844606107,0.560963411791194,0.4253708845207133,0.42862387956367864,0.3622844401692745,0.4956370874612869,0.3711396405691447,0.3443336431028305,0.40213309790116814,0.4752641611403575,0.42809913840453495,0.3443336431028305,0.3446402833197091,0.6694882336101601,0.3536530482848967,0.3973232079113881,0.4058955617283864,0.39550357121473095,0.37783393845728536,0.6789459587905202,0.4239976462215307,0.39651090992354115,0.5752069597656014,2071991.4,2.0574223,0.09999999999831655,0.6000000000237542,0.2999999999864044,0.27000001072883606,11.640000104904175,0,0.0,0.0,4.070000171661377,0.8100000023841858,0,0,0.0,61.629116028496824,49.580882881589616,0.0,7.170000195503235,0.0,0.0,0,85.80088319116686,25.249999897129445,0.1691164202108574,6.1100000739097595,0
42,0.5838449420803258,0.3656227988539189,0.8351091240665769,0.8722311915568328,0.6991987423358565,0.4794812035469421,0.6810444383888313,0.7596928460060534,0.5485119376933857,0.5485119376790333,0.7272338913682574,0.5485119377969503,0.5840042511201604,0.36411526851629833,0.3605844531753007,0.6221529083513105,0.5731478304487255,0.6471112358403797,0.5967698405827212,0.6082792604346715,0.5658557455419495,0.3630444124505702,0.5925288086841048,0.5774098053596028,0.5832872565733088,0.5901063450818042,0.6022098698761149,0.5774098053596028,0.5777551320434832,0.761493061297185,0.591791136088914,0.5743390578782551,0.5838908004405359,0.5788279463952266,0.6031771381321203,0.7476171969729198,0.3420397045269432,0.6126152058891657,0.6587119857299341,1507021.5,2.3765091,0.600000000006999,0.2999999999007524,0.10000000013739714,0.0,11.68467129414035,0,0.0,0.0,0.0,0.0,0,0,0.0,42.16999998231605,13.565328638106944,0.0,0.0,0.0,0.0,0,33.579999685287476,151.49999938709436,0.0,0.0,0
43,0.5316529610574963,0.38827429753518744,0.7936754161831627,0.8460100830000357,0.599521168789024,0.41829418085839504,0.7465614280707465,0.6514741753343075,0.5851791297166555,0.5851791297946966,0.5851791290866806,0.5851791297210961,0.47916759385678115,0.4904378698916715,0.45850173048196613,0.6081088477984229,0.443690656025209,0.6304455559779382,0.519674358072196,0.5289450657687066,0.45871244323270094,0.4828938198823903,0.4801887202774733,0.45110567576336474,0.49573994189688436,0.5646190745630334,0.519502816257567,0.45110567576336474,0.45236230318628007,0.7279958533175637,0.45802023917953866,0.4923461507565254,0.498298419392494,0.4899398120145842,0.4906884248606723,0.7247569674181632,0.44369065617525943,0.5010567397207062,0.642484704105992,1977507.3,2.4362697,0.29999999998067256,0.6000000000169402,0.09999999986991195,0.0,1.2799999713897705,0,0.0,0.0,0.0,0.0,0,0,0.0,85.49365022870873,23.969999893317514,0.0,0.0,0.0,0.0,0,66.00634916089578,75.74999968778337,0.0,0.0,0
44,0.6120585282513564,0.34027121932612014,0.8469324952666896,0.8370835537875635,0.622523560072421,0.3825424531153277,0.7548446777578349,0.7122038459638805,0.5550512946913103,0.555051294485615,0.5550512942262241,0.5550512945534996,0.47021014283508894,0.43576614965854144,0.4182754575459901,0.5783564833986646,0.4422503707106029,0.6060110146940949,0.49559390837223877,0.5056754199525413,0.4630195117438309,0.4347151299010311,0.46952346882328766,0.4433989357599842,0.4706237891011081,0.5405199982359657,0.49522521089065774,0.4433989357599842,0.44431177667944516,0.7216379678738837,0.45455105307066207,0.4686685850944105,0.47896680778112627,0.4652569199383323,0.47970555802668224,0.7148100120678712,0.3853090227483289,0.4886181956762581,0.6177357704369246,1881197.7,2.3992752,0.29999999992516757,0.09999999999492223,0.6000000000253756,0.0,96.40502255072369,0,0.0,0.0,0.0,0.0,0,0,0.0,16.569999933242798,55.09497684101075,0.0,0.0,0.0,0.0,0,8.679999963029584,75.74999967376836,0.0,0.0,0
45,0.6026960382505188,0.3903373516910546,0.7903767132561836,0.7310671202494913,0.5227826459067157,0.3268395535101728,0.7534893263182602,0.6056466312270271,0.5546636086015678,0.5546636085370185,0.5546636085880936,0.5950492665119433,0.36978666370119584,0.4823001488581947,0.4335720994543709,0.5247841691613304,0.3361670070346642,0.5588236583527518,0.4264775433694833,0.429074518343399,0.3518422234351603,0.474965637271739,0.3687437053046699,0.3392963306277248,0.40186545510796967,0.47369122962663124,0.4257276443459964,0.3392963306277248,0.3400399692673429,0.6678460270662827,0.3483696717159803,0.3982779078539722,0.4088329015800308,0.3957128147915143,0.3749494387910982,0.6724383977647272,0.39910055283069795,0.3933109013180723,0.5732089411351251,2053202.3,2.1082042,0.09999999999697888,0.40000000000905583,0.4999999999939653,0.27000001072883606,36.380819333066555,0,0.0,0.0,0.0,0.8100000023841858,0,0,0.0,34.839180337915806,71.3805353825511,0.0,7.170000195503235,0.0,0.0,0,66.16081925458886,25.249999896791685,0.7091801541330671,9.529464407881829,0
46,0.5968997430233443,0.3417180115442358,0.8470305038212876,0.8566057747975516,0.6738106605459268,0.43311715843851156,0.7127402800676271,0.737128630267561,0.5483226673628779,0.5483226675488968,0.5483226669905632,0.5483226675108908,0.5310227676323485,0.38773443846834466,0.38172235253255304,0.6027404174419407,0.5157348728865055,0.6270894108052406,0.5520352922063838,0.5609855652748766,0.5156736205651204,0.3874947402903992,0.5380722347212182,0.5171994755470724,0.5296995368513111,0.5723029059699912,0.5488453133199623,0.5171994755470724,0.5168207099631975,0.7481799031825562,0.5275954194015661,0.5269846423979272,0.5363207448677527,0.5251938121700614,0.548168261713325,0.7355593690282876,0.35382809103413654,0.5572689870454226,0.6388162207789095,1633876.5,2.3663777,0.4999999996828905,0.10000000004302285,0.40000000027408666,0.0,67.9085549036495,0,0.0,0.0,0.0,0.0,0,0,0.0,15.84096402190649,33.091444755775456,0.0,0.0,0.0,0.0,0,9.409035886511298,126.24999940770243,0.0,0.0,0
47,0.5960444010436909,0.395345040713103,0.7880455615864277,0.7317334828861681,0.5194033179181936,0.329545155733987,0.7530221162963742,0.5994173337252902,0.5531345565902568,0.5531345565891446,0.5531345566714116,0.5942501240034188,0.3716812413301831,0.48654513038450403,0.4357705369095829,0.5258406862439765,0.33727989897216265,0.5585913483073537,0.42568370567823133,0.42703250726296094,0.3559175902746132,0.4790122137738179,0.36925931178090654,0.34108415456161767,0.4017707539199851,0.4727362688194054,0.4253389127190522,0.34108415456161767,0.34194517979190014,0.6671611815774683,0.3507546319672383,0.3977704031922766,0.4077343355390513,0.3955231024488398,0.3758082645116911,0.6750810957585726,0.4023738724792876,0.3945238940534689,0.5730328322408706,2059211.6,2.0999412,0.09999999998946009,0.49999999990998745,0.40000000010055253,0.27000001072883606,18.200000166893005,0,0.0,0.0,1.6403288724845457,0.8100000023841858,0,0,0.0,52.019999504089355,65.72999948715565,0.0,7.170000195503235,0.0,0.0,0,72.58967108847051,25.24999989489319,0.2803283798560524,8.539671373086591,0
48,0.6196650593407723,0.3355691446609226,0.8459113621578312,0.8400260791617105,0.6429513644054263,0.4214933024508621,0.7334936134944435,0.7141278827606645,0.559827870230692,0.5598278701857484,0.5598278706336888,0.5598278703057499,0.5097446055425738,0.41379843860452176,0.4022815744298487,0.613003126427045,0.48875986851145026,0.6405472183403608,0.5294268535999311,0.5352782660818071,0.5033425308193354,0.41226471562649036,0.5134036121703552,0.4905707022368591,0.5073909521371988,0.5762187628334614,0.5279238990583691,0.4905707022368591,0.4908666248935883,0.7601306107549204,0.5031980823997698,0.5045070226183974,0.5150695499330379,0.5028364601536218,0.5238541004906635,0.7494670870027598,0.37576393602853386,0.5358734168678716,0.6522016859914344,1777473.5,2.4111403,0.40000000000334895,0.10000000002235651,0.4999999998942153,0.0,76.16823270801395,0,0.0,0.0,0.0,0.0,0,0,0.0,16.739999935030937,50.08176675304801,0.0,0.0,0.0,0.0,0,8.509999968168602,100.99999959106368,0.0,0.0,0
49,0.5542485675053327,0.3886457236520403,0.8177267653070754,0.8708178477887402,0.6691864014449802,0.4476425954688859,0.7111932579935398,0.7272351517721752,0.5633986009903537,0.5633986009895489,0.5633986014580343,0.5633986010070372,0.5405023134560689,0.416086969261176,0.40050185413626815,0.6148790965705114,0.5212965310572809,0.6381087880689079,0.5671602472783275,0.5775434495610717,0.5173056659867636,0.41146471325374034,0.5473657578396837,0.5261192468086641,0.5455067231655133,0.5821652066468629,0.5649587266512289,0.5261192468086641,0.5273459749963263,0.757260929663484,0.5361659282300781,0.5408973799426997,0.5475351329436836,0.5397796854506849,0.55920367759021,0.7449115479888818,0.38529685456810286,0.5681941352820541,0.6498128574536698,1699495.0,2.4278606,0.49999999998141986,0.4000000000164292,0.10000000000215094,0.0,7.8362036563418584,0,0.0,0.0,0.0,0.0,0,0,0.0,65.53337173153022,17.41379624175577,0.0,0.0,0.0,0.0,0,35.466627862836226,126.2499994830811,0.0,0.0,0
50,0.5329408353448319,0.3942594239409795,0.7975968509938548,0.8658494371782189,0.6243166716870091,0.4020483816811083,0.7308580580322606,0.6856419909422559,0.5826379768292814,0.5826379767148168,0.582637977003135,0.5826379766216683,0.484488985275084,0.47842440049492174,0.4510011271877697,0.5842103184999872,0.45911027872230226,0.6049778354037768,0.5183599055785203,0.5303609208993872,0.4620687355709335,0.470126854541015,0.4893387570473577,0.46527079715637804,0.49304516599424003,0.5519861169327066,0.5153936893103571,0.46527079715637804,0.4670552929394449,0.7394733408215934,0.4726318820726205,0.4907524887715511,0.49522455729514064,0.48714940001539603,0.5003495743956621,0.7305370473406477,0.4407807333698825,0.5076208342840407,0.616524632621419,1850961.4,2.4789612,0.4000000000436237,0.5000000000128347,0.10000000012819912,0.0,5.5299999713897705,0,0.0,0.0,0.0,0.0,0,0,0.0,73.92428054085535,19.719999958535023,0.0,0.0,0.0,0.0,0,52.325718950157984,100.99999960123304,0.0,0.0,0
51,0.5967698081489008,0.3557425957673354,0.8394963917718592,0.8734916738818638,0.7072022911033188,0.4750014964494597,0.6896508994124618,0.7639092403771977,0.5358244202890635,0.5358244203194159,0.7259717319230719,0.5358244203041264,0.5809749973265128,0.36696650627504457,0.36523864465260003,0.606145075894589,0.5703473549477404,0.6309842823761768,0.5954975258512262,0.604137503625126,0.5631993138952274,0.3668531894875465,0.5889886438847303,0.5728108984482385,0.5801881628230975,0.5771234287092021,0.5957082772766683,0.5728108984482385,0.5724585073366052,0.7476807725159563,0.585546989623919,0.5729821309775949,0.5829831869579696,0.5761468323711046,0.5984549549565825,0.7318523452693085,0.34187313304194994,0.6063961858646018,0.6432033725317301,1481061.2,2.3719668,0.5999999999635783,0.20000000008609198,0.19999999995032966,0.0,33.308822219207194,0,0.0,0.0,0.0,0.0,0,0,0.0,26.8093695643102,17.19117756336007,0.0,0.0,0.0,0.0,0,23.69063025253706,151.49999937613063,0.0,0.0,0
52,0.5783071445190376,0.38064333793655963,0.7962670225867801,0.8094904754282282,0.5749645446669677,0.4133793977015925,0.7550280925609311,0.6402960057276839,0.5783896653956314,0.5783896652665156,0.5783896653499605,0.5907788465176352,0.45568797614420514,0.47917916590525805,0.44379964883529915,0.604281329554484,0.41924083369175397,0.6286601324958792,0.5134286429536651,0.5226442144266695,0.4324124409581584,0.47287430905941175,0.4620030640180151,0.4261328651274625,0.4879368723269639,0.5531907879274556,0.5138310149265458,0.4261328651274625,0.4265323409642666,0.7101456708634538,0.4330763801886326,0.4852028849792179,0.492540273204405,0.4824583556097246,0.47034653656142283,0.7130334431285849,0.4192408337212161,0.4851116240327424,0.6385605299858642,2040364.8,2.3828283,0.19999999995942158,0.6000000000606976,0.2000000000443559,0.0,9.34225241389046,0,0.0,0.0,3.7865419572058916,0.0,0,0,0.0,74.23571028172292,41.15774739241844,0.0,0.0,0.0,0.0,0,73.47774716172447,50.499999784862986,0.0,0.0,0
53,0.6365494776637114,0.3679116297461597,0.8229130312543879,0.8016365941669833,0.5757899730737002,0.37858280706644104,0.7631962333962438,0.6684345258069497,0.5711421724034559,0.571142172453269,0.5711421727119097,0.5711421723662611,0.43125173864216015,0.462029380669082,0.4324301544884017,0.5822831771075218,0.39857686010803944,0.6135458424591516,0.4800864033475745,0.48577427693357383,0.4175121438458004,0.4584254782663501,0.434032687426509,0.400529510696473,0.45489039133341774,0.5346818224310306,0.478728158652087,0.400529510696473,0.40064151648819746,0.7073514888742527,0.4086431440214867,0.45260534829517013,0.4647773139780901,0.449793894406394,0.4412073117072826,0.7028919622131258,0.39857686007655757,0.4567457472460466,0.625984243729222,1978442.6,2.4234322,0.20000000003024818,0.20000000000568377,0.5999999999915928,0.0,75.60818683990111,0,0.0,0.0,0.0,4.070000171661377,0,0,0.0,37.62023776992292,71.8218123716418,0.0,0.0,0.0,0.0,0,12.879762026621263,50.4999998027467,0.0,0.0,0
54,0.5449479147156504,0.3938608875221101,0.8074331687948924,0.8456889290527833,0.6013179513483824,0.4053142786618278,0.7640806757360766,0.6621098464666443,0.5877275059462181,0.5877275060376994,0.5877275062488041,0.587727505903922,0.4730232474725347,0.4942600220698357,0.46081330718019203,0.5943579766602322,0.44000924285393733,0.617806514669106,0.5148697505022576,0.5265660511066719,0.4514137156226881,0.48753184423268603,0.4741541893757563,0.44554144163038323,0.49020889236859533,0.5500443980230162,0.5168291245254539,0.44554144163038323,0.4469437769902994,0.7210417346271101,0.4537209071467194,0.4864512195450955,0.4935562805316392,0.4837369114488499,0.4853933823336592,0.7199995721107652,0.4400092428232614,0.49579471902581634,0.6296509423757485,1976806.1,2.4798357,0.2999999999459743,0.4999999999905591,0.20000000005857158,0.0,12.770000100135803,0,0.0,0.0,0.0,0.0,0,0,0.0,72.81947208608679,37.729999709762545,0.0,0.0,0.0,0.0,0,53.43052739930195,75.74999967902207,0.0,0.0,0
55,0.5642404118671983,0.3693087434859119,0.8250963980193547,0.8714395553400075,0.6723406080562927,0.4348671501468984,0.7220310739310106,0.7344448892267312,0.5587812435669807,0.5587812435283943,0.5587812436090462,0.5587812435972497,0.5314229428425775,0.4246489476137734,0.41004877282610896,0.6059555440576889,0.512997493771654,0.6301937289109575,0.555774722834786,0.5664740566908332,0.5096459476622023,0.42088916748284927,0.5365150774929947,0.5156725778984371,0.5332584501259818,0.57490493332856,0.5521650760024406,0.5156725778984371,0.5173769814009233,0.7537970450761875,0.5261189163370874,0.5299037089805656,0.5377813009863994,0.5276601671137703,0.5484552146113125,0.7410731614351803,0.3899562075845991,0.5559066018700226,0.6423333855429442,1682567.1,2.4293212,0.5000000001559477,0.29999999988037335,0.19999999999900558,0.0,27.244706016742104,0,0.0,0.0,0.0,0.0,0,0,0.0,45.419969883033566,23.255293778115835,0.0,0.0,0.0,0.0,0,30.330029779424265,126.24999952714938,0.0,0.0,0
56,0.6244351292905522,0.3642426663481382,0.8140017294342958,0.8052607474539072,0.5785226572900771,0.38896942482230995,0.7656180382834531,0.6619013654021968,0.5757075731464306,0.5757075730236485,0.5757075736168994,0.5757075730357941,0.43727253485809026,0.4717377213601783,0.438159603887915,0.5892872454508489,0.4080299284239892,0.6168885305015225,0.48936122879238947,0.49597276589928196,0.4169524655584178,0.4664249130192981,0.44227295963978136,0.41050147141104926,0.4642364861091554,0.5415460060712475,0.48697336986618417,0.41050147141104926,0.41000769083135347,0.7086118702947808,0.4169062996462898,0.4616749291845653,0.47294245105973415,0.4586806959267456,0.44988654111842064,0.7085111274864513,0.4080299283559497,0.4646762595796299,0.6297032533526599,2007060.5,2.42116,0.20000000004755658,0.3000000000150347,0.49999999999491357,0.0,52.3066453769584,0,0.0,0.0,0.0,0.0,0,0,0.0,47.50999987125397,69.97845432560135,0.0,0.0,0.0,3.9648997839285327,0,28.23999982520585,50.49999980711707,0.0,0.0,0
57,0.5769941526064939,0.3607499063075758,0.8367713893715335,0.8659613405240499,0.671698447297152,0.42021864102849843,0.719330309336917,0.7423211023763645,0.556126899334028,0.556126899169395,0.5561268985236238,0.5561268992132957,0.5229027319129618,0.4108758188485862,0.3998415365428688,0.5941484945865144,0.50613108724633,0.6188098848213944,0.5431238728904411,0.5530383677539885,0.5067388705401469,0.40943948923393875,0.5276384724237732,0.5075838694366764,0.5206632397486413,0.5628193309923375,0.5391137929033673,0.5075838694366764,0.5079159943236111,0.7466779799258267,0.5181563723969713,0.5165789870496932,0.5260995825969669,0.5150019012413808,0.5393481792651651,0.7358141620222702,0.3741055642400502,0.5458470573523284,0.6308772217867216,1657964.3,2.4104351,0.49999999986201743,0.19999999998817128,0.3000000001838707,0.0,48.37004980613343,0,0.0,0.0,0.0,0.0,0,0,0.0,35.559999868273735,27.379949932957466,0.0,0.0,0.0,0.0,0,14.939999923848543,126.24999945293199,0.0,0.0,0
58,0.5986594958596146,0.38236046370451654,0.8019048535152103,0.8084696973722266,0.5725940012961859,0.4072539156802338,0.7607914548486874,0.6490924273860219,0.5776901171715164,0.5776901172375899,0.5776901176032087,0.59457320661925,0.44838921001886545,0.4805842901060281,0.4426387809636286,0.606522459031815,0.41741710295131174,0.6354427586823658,0.5028682842504844,0.5089721595333002,0.4242181932097593,0.4737919780986236,0.4540998476551028,0.4226380040678422,0.4785198469765718,0.5555700552269182,0.5010200882695798,0.4226380040678422,0.4228974307176309,0.7151592632078033,0.42975917991532936,0.4747462728931068,0.48469299334779115,0.4729185377651472,0.462841051474965,0.7153988041913681,0.41741710295024786,0.47931809074311144,0.6458330615768041,2034766.4,2.4134511,0.2000000000130431,0.4999999999489559,0.3000000000214782,0.0,14.101214558073167,0,0.0,0.0,0.0,0.0,0,0,0.0,58.69638182564082,57.679999604821205,0.0,0.0,0.0,3.968785535192423,0,67.55361764924312,50.49999979840242,0.0,0.0,0
59,0.5941443192531302,0.3554331614940231,0.8343794201960025,0.8454614304827692,0.6191750542663215,0.3957093031726118,0.7584107870015244,0.7060381303824008,0.5648586092349649,0.5648586091159743,0.5648586092500973,0.5648586091779086,0.4748756857777061,0.451627006763587,0.4269730547766066,0.5868171938390617,0.4453567278618227,0.6126135903745593,0.5035668992594139,0.5135305694856945,0.46572210827638333,0.44863341572246734,0.473078986673157,0.4471108552127071,0.47866096718855633,0.5485756701639127,0.503798982066443,0.4471108552127071,0.44804543044677614,0.7273394719583358,0.4570820465499339,0.47684777624166336,0.4858059596229451,0.47309704088490107,0.4832524068147038,0.7233121994404315,0.3977670179421633,0.4924998482867612,0.624884961938483,1912609.4,2.4239243,0.3000000000189785,0.1999999999826814,0.4999999999983401,0.0,74.98211130783113,0,0.0,0.0,0.0,0.0,0,0,0.0,33.84999990463257,51.26788817952232,0.0,0.0,0.0,0.0,0,16.649999886103515,75.74999969745562,0.0,0.0,0
60,0.5768205018353361,0.3803512197738663,0.8188543044985347,0.8518936687780174,0.6313655849047558,0.4035555575940651,0.7259862938870547,0.707756926449845,0.5846663764739779,0.5846663765789012,0.5846663762702702,0.5846663765648639,0.49766551304787926,0.44613325795287434,0.4266719878656341,0.5862244728275212,0.4749398868104656,0.6101423651582375,0.5196133827579035,0.5301532677730777,0.4834955675070647,0.44127995255378966,0.500488961918748,0.47938737798414216,0.4976268230973941,0.55320087845104,0.5198142447035599,0.47938737798414216,0.4807941908080399,0.7448889919997482,0.4914898892714195,0.49243756242390896,0.5005923418465423,0.4915521711623907,0.5123489887484597,0.7348583716656301,0.4102205462293824,0.5213925514504547,0.6208629137018016,1847162.1,2.4876598,0.3999999999961649,0.399999999950734,0.2000000000441902,0.0,10.357613515677475,0,0.0,0.0,0.0,0.0,0,0,0.0,62.334019775108864,40.142386290589585,0.0,0.0,0.0,0.0,0,38.66597980266953,100.99999958924971,0.0,0.0,0
61,0.609957872116597,0.35054829708368423,0.8331291298393129,0.8445621932928215,0.6382728793056551,0.4068751916466541,0.7318523313651185,0.7177763251388323,0.5720868290377032,0.5720868292010005,0.5720868293038027,0.5720868291886381,0.4998283299154602,0.43129102854113305,0.4147601518922776,0.5930773342581304,0.47878944883204944,0.6189129190806669,0.5210477642016007,0.5275509176524766,0.4918380941012803,0.42826714191622683,0.5032749182790183,0.480888988953094,0.49855450854601085,0.5599486579701884,0.5186322642397171,0.480888988953094,0.4812810245776317,0.7474248861070395,0.49292982181538975,0.49496750666549216,0.5048917681580914,0.4934117783412802,0.5138409792316979,0.7381720190002896,0.3914265929436691,0.5240820855527515,0.6299467244279472,1806255.9,2.4527901,0.39999999997549746,0.2000000000027086,0.39999999999902164,0.0,54.48000016038748,0,0.0,0.0,0.0,0.0,0,0,0.0,36.54597055748256,46.51999942958355,0.0,0.0,0.0,0.0,0,13.95402923831039,100.99999958403117,0.0,0.0,0
62,0.6084601126164749,0.37226771353653426,0.8072330050951629,0.8040054689563642,0.5742212820139162,0.3995078193544351,0.7621626367009943,0.6547915623866298,0.5815712625025734,0.5815712622390246,0.581571262374117,0.5823279065874646,0.4435441935571738,0.4777134538249935,0.4411939892764154,0.5980943135285652,0.4132577553636685,0.6265237900324447,0.49676425569030974,0.5032952333306036,0.42164899372523795,0.4716995801088802,0.4493504481923642,0.417244293900437,0.471987291668174,0.5484370203608865,0.49493431023817813,0.417244293900437,0.4171465777410219,0.7115634906093408,0.42379524270831265,0.46960618122782116,0.47985363533186554,0.46696765510106947,0.45683148429633275,0.7116624635746639,0.41325775539779813,0.47257655623088707,0.6384632505657387,2030659.0,2.4166911,0.1999999999630762,0.40000000000280717,0.4000000000000573,0.0,34.44138979394289,0,0.0,0.0,0.0,0.0,0,0,0.0,44.41000021319936,63.16596135679709,0.0,0.0,0.0,3.39264843949255,0,56.58999937772751,50.499999785785775,0.0,0.0,0
63,0.5579089727549366,0.3780739764995309,0.8125202493029792,0.8458392103330631,0.6047250095362312,0.4055101632285239,0.7734222696274629,0.6684248978069227,0.5832124126450422,0.583212412773316,0.5832124125764354,0.583212412797331,0.47332192853340316,0.4949129322009903,0.4624504911933837,0.5962823633581871,0.44015663033348107,0.6203302806874988,0.5151831001986587,0.5250628522229652,0.45234017366899876,0.4888054215939239,0.4739849057378926,0.4443182330079923,0.4901615542437579,0.5538284583808158,0.5154352151169495,0.4443182330079923,0.4455414574243144,0.7232393513494899,0.45278633156110165,0.48679642517251226,0.49531352011832425,0.4837796825664684,0.4851022514619016,0.7213093707290171,0.44015663044097675,0.4955750051039444,0.63283695627944,1970712.9,2.4783123,0.29999999997683024,0.40000000002583563,0.2999999999989975,0.0,31.74441859057461,0,0.0,0.0,0.0,0.0,0,0,0.0,52.07310274145737,44.00558110183581,0.0,0.0,0.0,0.0,0,48.9268968552842,75.74999968681318,0.0,0.0,0
64,0.5735635038498736,0.3558703872320569,0.8203563040522552,0.8494966626569119,0.6128203167515567,0.39582184699878714,0.7689406943929261,0.7014546659121116,0.5791083899439988,0.5791083901223829,0.5791083901742194,0.5791083900795331,0.47248189810589813,0.4807674194786163,0.4501326984341061,0.5891101975914688,0.44154920718406204,0.6139703625841866,0.5053571481145481,0.5178983845468385,0.4567714964306851,0.4749082875626139,0.4708066576533656,0.44412435035652087,0.4803987333034545,0.5499339528910907,0.5078204817567681,0.44412435035652087,0.44607079189021126,0.7304143293473786,0.45403460755059005,0.47853753978488933,0.4865179177230479,0.474481194213514,0.48173161711361123,0.7266763112730815,0.42627311576040905,0.491085717282704,0.6263610880847843,1944675.9,2.4555684,0.30000000001518745,0.3000000001551918,0.39999999982962076,0.0,53.10000013728329,0,0.0,0.0,0.0,0.0,0,0,0.0,44.89483224069225,47.89999940991402,0.0,0.0,0.0,0.0,0,30.855167491157232,75.74999969649838,0.0,0.0,0
65,0.5969627758705695,0.3500475522925722,0.8278668165460078,0.8511877732464912,0.6382546426607112,0.4017096158473593,0.7367862615822796,0.7186427233260425,0.5776347589982338,0.5776347590105336,0.5776347585420659,0.5776347589854794,0.49716610817206414,0.4464599239837664,0.4280514217130424,0.5912691032408993,0.47709977898985856,0.6163110045669591,0.5181596184489711,0.5272317903411226,0.4846741273717493,0.44246666542574264,0.5008824158634871,0.4794830289552772,0.49640150649142323,0.5578552263465925,0.5169675139443334,0.4794830289552772,0.4809526284938852,0.7491383898485823,0.49239915000375895,0.49210290013443453,0.5020331766135676,0.49079868365972873,0.5124530674471713,0.7397823451810871,0.4072360690050046,0.5214493482126756,0.6277585740954581,1830849.3,2.4730869,0.39999999997426117,0.30000000007108807,0.29999999995465076,0.0,31.07963593571901,0,0.0,0.0,0.0,0.0,0,0,0.0,45.10875586175555,44.67036374549386,0.0,0.0,0.0,0.0,0,30.641243848857727,100.99999958371902,0.0,0.0,0
