,BILBERRY,ALL_MARKETED_MUSHROOMS,scenic,CARBON_SOIL_Update,BM_total,DEAD_WOOD_DIVERSITY,LESSER_SPOTTED_WOODPECKER,THREE_TOED_WOODPECKER,SIBERIAN_FLYING_SQUIRREL,LONG_TAILED_TIT,CAPERCAILLIE,HAZEL_GROUSE,HSI_RL_S1,HSI_RL_S2,HSI_RL_S3,HSI_RL_S4,HSI_RL_S5,HSI_RL_S6,HSI_RL_S7,HSI_RL_S8,HSI_RL_S9,HSI_RL_S10,HSI_RL_S11,HSI_RL_S12,HSI_RL_S13,HSI_RL_S14,HSI_RL_S15,HSI_RL_S16,HSI_RL_S17,HSI_RL_S18,HSI_RL_S19,HSI_RL_S20,HSI_RL_S21,HSI_RL_S22,HSI_RL_S23,HSI_RL_S24,HSI_RL_S25,HSI_RL_S26,HSI_RL_S27,NPV,MF,SA,INT,EXT
0,0.4899130222609172,0.1807083861828041,0.9253805994654495,0.9352800423014959,0.9941338197785113,0.9906123256297349,0.5049842598235478,0.7953873810976108,0.9441513760608293,0.29361304379524783,0.9059478692971481,0.4126425592444577,0.9801727866168163,0.05827384813439446,0.07826676645904151,0.9484688381269533,0.991762385290931,0.9386971375989581,0.9921285144478358,0.9794437377339918,0.9533070884354434,0.061859150741789944,0.9997564165548417,0.9907313038877025,0.9879136486812561,0.9539514570433524,0.9684809254751463,0.9907313038877025,0.9893680169296649,0.9336879128010924,0.9884878554687482,0.9903387129837635,0.9925280702476313,0.9900930201357037,0.9994891082089536,0.9090781709252355,0.07039851628068838,0.999444224187844,0.9404079980357251,221199.16,1.4138336,1.0,0.0,0.0
1,0.7620437125882533,0.2747237350571499,0.7204465067537179,0.37530050032645584,0.16871649833148458,0.06227716379045934,0.7861670861524179,0.39275848347954273,0.11435731932400071,0.7707364583508485,0.012994044165849794,0.5279870881324812,0.13205772115783232,0.6891558000943836,0.6050540919231443,0.2807906337883613,0.09329431408810687,0.34094610378641677,0.16059117524990899,0.1448767576319872,0.14410345929377044,0.6712898816900184,0.09670136211343051,0.09956293770095084,0.1415381409276723,0.2022000667500326,0.1725713364028217,0.09956293770095084,0.09791947328737707,0.5101829618268674,0.11715205092294483,0.13413287476190627,0.14547078190509458,0.13577461313352998,0.09329431408006257,0.5094667838897952,0.5491543105335553,0.13584231309063544,0.35510695214113636,2188053.4,0.052827075,0.006613861479068922,0.0,0.993386138520139
2,0.6392705952918556,0.4164422563592629,0.5970616899708974,0.4111161635609935,0.09823977717608484,0.06275386918689133,0.7372459231598293,0.3175724860220567,0.10427237844934772,0.6417712459096556,0.10427237837904252,0.6272177667200817,0.13812820681709995,0.7907254564623608,0.6898122354035239,0.2673735631480404,0.07307578484606092,0.3205378215442547,0.1613412477745818,0.16025059986926982,0.1366300924898674,0.7643848137054966,0.09045184196623643,0.09593698008381786,0.1463771599559257,0.17474600086291417,0.19627661045357583,0.09593698008381786,0.09703522776831154,0.48198925733574527,0.11507266210377244,0.1308235033847462,0.13062365115907582,0.13834902749100692,0.09450388545748811,0.48106941693030497,0.6753402960580367,0.14146076967552482,0.33332436009902433,2310880.1,0.0,0.006613861479068922,0.9933861385286142,0.0
3,0.7371255274590542,0.301688418595903,0.7038981539740193,0.3833395803559832,0.1474314952747743,0.05988351189505605,0.7886645063389925,0.37043475452455854,0.10249238533582439,0.8013046724453307,0.012994044165849794,0.5643212706691638,0.13136048401600034,0.7427430646715715,0.6500002143707276,0.2825106196402743,0.0822017984775345,0.34141167519553767,0.15907163270049468,0.14764409297992642,0.13938662025635276,0.7213736884824729,0.08747247485851174,0.09073961749890476,0.13843420947452362,0.1958449525996688,0.17764361777616283,0.09073961749890476,0.09047525325917449,0.5126421950462221,0.10843143623073423,0.13032604226867725,0.13976196187529863,0.13160559852069245,0.08736231322830477,0.5187223951946367,0.6033608769779698,0.13045027449369512,0.35546148312808323,2253420.7,0.0,0.006613861479068922,0.09999999998519822,0.8933861385357329
4,0.6484772441425768,0.40817509098106464,0.6207847245386718,0.4169492016412241,0.10140010680896472,0.062021712200960095,0.7671303717454772,0.32602509565890614,0.07925655940364558,0.7605316110875376,0.07925655979451245,0.6235514433002832,0.13771885081757135,0.8106179915718044,0.7061507943736309,0.28748325691395676,0.07422984133810225,0.345225006486343,0.1589959328688595,0.15248753974826765,0.14110840894401022,0.7833628897095222,0.08760433364211323,0.0926280786879531,0.14171830450496198,0.19047960287668786,0.18818046855129694,0.0926280786879531,0.09437698486396831,0.5077767078503621,0.11298613884920829,0.12917024715338105,0.13243977724649475,0.13384657142497194,0.09126246193612635,0.5156433492126307,0.6856452440888221,0.13800305206528182,0.3583888217914548,2367791.3,0.0,0.006613861479068922,0.8933861385146779,0.10000000002763926
5,0.5266984143803529,0.19017924430849,0.9228887963029093,0.9133645256626887,0.9514781638962386,0.924242165170974,0.5320843592841579,0.7982069670090972,0.8359325887251456,0.304295135166161,0.9059478692971481,0.42471662927347203,0.9389457925669662,0.08224679282665649,0.10219793245598575,0.9087829232996087,0.9463742649289237,0.9068107552201842,0.9486363318971066,0.9389365965520893,0.9171709974360117,0.08723590445747617,0.9599901221468158,0.9462370298063558,0.9468647149816134,0.9077740928079746,0.9360040098831899,0.9462370298063558,0.9439359649463412,0.9071033575669607,0.9503101053081741,0.9445040572197758,0.9492388725850913,0.948164308297355,0.9610219435094305,0.8904919071848918,0.09033298775036812,0.9662750100657492,0.9082810051705478,671514.93,1.4858231,0.9000000000195986,0.0,0.10000000002654
6,0.5235098404072024,0.1985183498762064,0.9172679972213601,0.9151130877714476,0.9480602163906674,0.9245620402598876,0.5313060030783263,0.7991523340016562,0.8166038455986891,0.30667740582214686,0.9059478692971481,0.42730918492308684,0.9384641711931127,0.08757277630320075,0.10875237892528378,0.9089935971881962,0.9470583041072439,0.9086117757332284,0.9467069617048168,0.9390638599062618,0.9152539241105417,0.09143532220930702,0.9601593959262821,0.9479810836879583,0.9463665106614811,0.9079177814649272,0.9366786870125591,0.9479810836879583,0.9469285828489165,0.9083900227562725,0.9537408100093682,0.9433422856961028,0.9477780088383179,0.9477712600981942,0.9613636974188644,0.8901162960616493,0.09964995772373765,0.9668288832637548,0.9097103716531125,693719.99,1.4983743,0.9000000000195986,0.10000000002654,0.0
7,0.6188582746373945,0.4052952031941348,0.6303768726698064,0.48902897554373903,0.13918985581229765,0.10149697011003289,0.7532088296164321,0.34609775342935367,0.06582568810150542,0.6908682376557114,0.1953747386039786,0.631986553610224,0.18128745691104195,0.8067793080781361,0.7196689449063773,0.3291961819749508,0.12408067610521344,0.38851619095807777,0.2014810620176433,0.20279662451685904,0.1821252122151238,0.7844395087273648,0.1387766668400448,0.14362931578816554,0.18419076980488247,0.23312329151467606,0.23791161354561913,0.14362931578816554,0.14506532933564484,0.5372585767760895,0.16445996835302487,0.1721992638890396,0.17393417367298086,0.17668438482918977,0.1446412969600992,0.5401989235682865,0.7025971852289474,0.1912792103407224,0.40074872996385524,2311061.2,0.13441146,0.10000000000012339,0.8999999999635796,0.0
8,0.7621447818820005,0.27850742068792994,0.7531074660840045,0.46010766089688615,0.23641061277208522,0.14557262937027113,0.7875940005109591,0.43341255023955516,0.15386085635615124,0.7299844195176889,0.17441410708498215,0.5617204449841234,0.21296879619806838,0.6641866713076605,0.5979169019955234,0.3592880170391464,0.18019235902874448,0.4166031459904725,0.24436252148862814,0.23276970204785044,0.22272458477636914,0.6522879511688561,0.18701884273633446,0.1884179062331694,0.22637359946921953,0.28188594598355415,0.26239488890246454,0.1884179062331694,0.18683512968373306,0.5526591592384212,0.20926169800940503,0.21835167266125954,0.22842587369957074,0.220742287231958,0.18598559924409244,0.5538692550526183,0.5422376493155074,0.23224099131816944,0.4324311943927812,2148039.3,0.64797616,0.09999999999015331,0.0,0.9000000000098466
9,0.5808849433262603,0.22078698846664785,0.9086186637735505,0.8963018999859692,0.8533656110644806,0.7463169057364843,0.6022051592593003,0.806364734534988,0.6937308866799305,0.31351126797891665,0.9059478692971481,0.4894385939351918,0.8188873411883546,0.16175990987188746,0.17549547805247978,0.799055879812361,0.8194540310695804,0.8080145428546429,0.8235099172259787,0.8226194797830177,0.793414723650915,0.16742337380231043,0.8337300632443958,0.8213503088414168,0.8193923976671283,0.789608366927617,0.8234377118073108,0.8213503088414168,0.8196163766465523,0.857130956926155,0.830590339429332,0.8135128455934756,0.818532026875148,0.8179879238779155,0.8392322880532371,0.8412729105874471,0.15754120213527942,0.8484754941906335,0.8196220853298746,1020475.6,1.6502513,0.8000000000011628,0.0,0.20000000001974813
10,0.6577943290413129,0.4061632684917281,0.6279937984173173,0.41632530995105155,0.10642019329413924,0.05967593284457637,0.7787217115165592,0.33389762216036684,0.06934250756446822,0.7946825132666354,0.06934250760729432,0.6076905681422583,0.13191190009891518,0.8082782800884677,0.7045851781856161,0.29179282190359934,0.0709866688840509,0.3518027605310115,0.15800174052572813,0.15049720422555143,0.13716836731851015,0.7813646937451452,0.08455559196946821,0.08719368356332202,0.13982203890440442,0.19481289948061167,0.18506418781732353,0.08719368356332202,0.0887820505842315,0.514334378157239,0.10636988621813857,0.12830100011702777,0.1333784539401944,0.13234458023923779,0.08790983549018844,0.5191821767440329,0.6803146966069478,0.13436591941962955,0.36577850083903024,2373767.6,0.0,0.006613861479068922,0.7933861385146064,0.19999999997218604
11,0.7236164524695718,0.3256539577731498,0.6964833779563602,0.3891296872447444,0.14173364889439666,0.05920930834119146,0.7925510054031786,0.371514976264592,0.09959862383741858,0.8130909100849313,0.012994044165849794,0.570843348493494,0.13220208603898134,0.7487653205132944,0.6515063966770099,0.28613932198307734,0.0800162805943983,0.3443223568402465,0.1575328844617272,0.1451715395571395,0.14085558017434288,0.7268758459645548,0.08499292538930889,0.08904059538216756,0.13723962980677845,0.1963288911380708,0.1758839717234335,0.08904059538216756,0.08932293040645083,0.5141275837940834,0.10705532761257122,0.12832009529872854,0.13718951183691352,0.12988383218405788,0.0861460166578175,0.5239621054249332,0.6064914758945694,0.12928865151174743,0.3588155792507571,2290483.0,0.0,0.006613861479068922,0.1999999999353821,0.793386138585549
12,0.6111733125619444,0.40415473557985426,0.6775626461505371,0.5728303844556015,0.22399567125405823,0.15955984852535868,0.7570439348736909,0.4099896705391126,0.1436735473329273,0.6493716893199541,0.19529739310324867,0.6360080430188979,0.24481174903855052,0.7403026185935161,0.6566392756952846,0.4015417153344058,0.19350756404927194,0.455739214428748,0.2639628347963226,0.2636510702984237,0.24097866226111622,0.7200150593554657,0.20978206600413735,0.21105825593965133,0.24503423901355562,0.3085258768747411,0.29286681297150796,0.21105825593965133,0.21365166577852576,0.5829948591684649,0.23149155062453142,0.23307507855548923,0.23805034506210565,0.2370433747386106,0.2196688165938997,0.5887064502151282,0.6432618207794818,0.2624177328630232,0.46763074534246907,2206841.5,0.60091031,0.1999999999634583,0.8000000000365417,0.0
13,0.7476200875221926,0.26545978529508557,0.7850187486875218,0.5077047052948902,0.29773190739025085,0.2195442784496364,0.7783323067315909,0.465892532700967,0.23206742650579903,0.7072960623755474,0.2451078967258667,0.5540961481743831,0.28923284592627974,0.6119697928205001,0.5580710278731725,0.4352372774171989,0.260995870560996,0.48856478134818576,0.32133223136611594,0.31021978702289044,0.29082540272150753,0.6026088536871317,0.27210543331836845,0.26852690740374563,0.3044226856700824,0.36296759089232933,0.3392866146785627,0.26852690740374563,0.26601778062004705,0.6078581917240687,0.28815977150953365,0.2967867405375065,0.30797195013031914,0.29958893500586675,0.2731584064729092,0.6098789149314808,0.5063865911385106,0.32033643165474257,0.5032481770661841,2057306.3,1.0404007,0.1999999999927738,0.0,0.8000000000072262
14,0.5646147857619033,0.25676599074270645,0.8856786410866129,0.8952606892905497,0.825422955113428,0.7304618287706948,0.5878915580863621,0.8045552231345001,0.6684250762622709,0.34643265124123523,0.9059478692971481,0.49477945777300747,0.8136236326267656,0.18587442191777254,0.19499600510924722,0.7876172755768827,0.8109058672070032,0.7971702398677688,0.7999041055055223,0.8084739586310998,0.7874048090097215,0.1880242575415788,0.8174537235235484,0.8159303321654164,0.800954081599077,0.774280623703211,0.8141639174929531,0.8159303321654164,0.815725984496973,0.8537464259676645,0.8274454782131216,0.7913085226898079,0.7952693220042077,0.7992049889604059,0.8241612881406792,0.8404828640071901,0.18610559923412667,0.8341928073457884,0.8092834884242304,1066351.6,1.7346663,0.8000000000279884,0.19999999997201154,0.0
15,0.7325452146373463,0.26729187164152934,0.8081661328488935,0.6018469568651325,0.3791626846055383,0.27223237170512177,0.774815435481009,0.516487183701374,0.3192258653001083,0.6200476350122797,0.31922586533447933,0.561954434191921,0.3514367103900642,0.5695269234202196,0.5251697003491306,0.5021305688698962,0.3242075266260989,0.550997962602625,0.3674824522863402,0.3633845977663558,0.34856904974679087,0.5632024253399086,0.32982521457052333,0.3308180305697098,0.3506608316354328,0.43463566083234245,0.38658500085711467,0.3308180305697098,0.329736137302006,0.6592459340653747,0.3499779424721715,0.3426610160887596,0.3547795705943546,0.3450596588103594,0.33537976014971604,0.6603626405597651,0.48044421923417985,0.3772929615448239,0.5654982486121922,1940386.8,1.4775966,0.30000000002693533,0.0,0.6999999999902923
16,0.5786348254924103,0.3115658122243068,0.8400650942184598,0.8716138175497724,0.6935115319837772,0.560920870439669,0.6443985504280759,0.7757493654202172,0.5046827216689368,0.40233166134929055,0.881604579899914,0.5569951223171699,0.6644450562983355,0.29133311548216934,0.28426825506612735,0.7039336504017021,0.6492854309191534,0.7249079295658555,0.6508828358002106,0.6693015807176735,0.6455890821930974,0.2928044044966866,0.6590510832297511,0.6583646090694347,0.6466053723126897,0.6755273590501572,0.6784379429756858,0.6583646090694347,0.6593998590534138,0.7959207368788042,0.6763809682974772,0.6344179367393696,0.6410552129978428,0.6430081519089146,0.6706438544239399,0.7840057965213161,0.270035005647991,0.6881066472593967,0.737294569055144,1348502.6,1.8991081,0.700000000000233,0.30000000000382243,0.0
17,0.6599356538177205,0.40192556953838826,0.6280155159517762,0.4162659656258555,0.10807283174898988,0.059345576058598984,0.7767174724491388,0.33770951432584345,0.069954128346208,0.7941751223645456,0.06995412817857047,0.6090514946257855,0.1316401680608007,0.8039287118805206,0.7011294442313875,0.2905597281226936,0.07122083646300745,0.3509052205730534,0.15739180036461123,0.14994626878260875,0.13696357024632247,0.7772254476968132,0.0843823514135112,0.08706597442677051,0.13912976381584602,0.1943366922590074,0.18422491635335933,0.08706597442677051,0.08881910046405923,0.5141159579152355,0.10631391430088521,0.12814695221930722,0.133430270690852,0.13201536229348823,0.08739142352468163,0.5175231788135998,0.6762158860465414,0.13346675229853797,0.364446237161215,2373940.1,0.0,0.006613861479068922,0.6999999999950753,0.2933861385177765
18,0.7046161866861814,0.3337372692588757,0.6825129056167494,0.39549779412124114,0.13443303498659112,0.05915309570309181,0.7935491845564624,0.3693770037208988,0.09553802278464951,0.8208774732785216,0.034994289344708954,0.5847043829057325,0.1320099998587431,0.7661456378597653,0.6659888905879664,0.289003719661735,0.07827191355845049,0.34659927046385497,0.15753253386757704,0.14669427226763027,0.1370456484421499,0.7421704738284572,0.08456075995197934,0.08809279955232294,0.1373668977968224,0.19748333018317452,0.17792246535962486,0.08809279955232294,0.0883699083605816,0.5179820357373179,0.10598303448843423,0.12801867560960664,0.13683711610750107,0.13008421584355173,0.08559561807454155,0.5259073256178404,0.6262730661574679,0.1293807384808509,0.361718730673948,2321494.4,0.0,0.006613861479068922,0.3000000001658733,0.6933861383550577
19,0.5850555074991222,0.41346289591754515,0.688097410598802,0.6350635627894338,0.28832885632296407,0.1878398302603851,0.7603709676724735,0.4375217208653366,0.1615443424659183,0.618922006060475,0.19769510369791038,0.6039566687667333,0.27945915854359643,0.7264391914217049,0.6518439907985841,0.4217633630068244,0.22708948990319,0.4706996720133158,0.301814618644124,0.30612277130074755,0.2711329046543662,0.7093552153859054,0.2474228796119139,0.24407023299276034,0.27977793843000837,0.336760625036116,0.326519369986417,0.24407023299276034,0.24700795541833537,0.5954716243896356,0.2626589148047782,0.2700772493048502,0.2733399057476695,0.27170326929024113,0.25876499770753614,0.5968321346916893,0.6400360191174338,0.2967787654238397,0.4843515943790572,2086702.3,0.79529352,0.3000000000748422,0.6999999999251578,0.0
20,0.6303715386685224,0.23916070015783494,0.888382136526858,0.8603756337658556,0.7264980176439951,0.5644036524305975,0.6693843223170673,0.7923685435354343,0.5526949541498212,0.3938202240168634,0.8830315694694019,0.5108872937635992,0.6683764178505164,0.2651519949733247,0.26681405461968694,0.6875815276840967,0.6572764632107881,0.7057363007972518,0.6600682906943437,0.6726899834701444,0.6502707578937101,0.2722129682569982,0.6630781208607756,0.6599693779683904,0.6518506079167757,0.6663674564344216,0.6770888162346028,0.6599693779683904,0.6598573108039851,0.7831984514536221,0.675704844158165,0.6425454423442168,0.6519619375629465,0.6479755648028682,0.6732384283461581,0.7691478574060291,0.23689704164560607,0.6873144582706104,0.7196673838260165,1281350.4,1.8757286,0.7000000000174107,0.0,0.30000000000136157
21,0.6721626493350582,0.37391811033225525,0.6495502886328993,0.40263378826740504,0.10958069381514327,0.05909793819752406,0.7785980847023508,0.33876109848474034,0.06884106890611845,0.8117146128202618,0.06884106907310403,0.6061766830536931,0.13056690055945752,0.7982196217270355,0.6910507172460655,0.28813289635935846,0.07334630771958815,0.3499363868153397,0.15415683630422158,0.1464294606118578,0.13452130999667541,0.7707786105310609,0.0831590668988271,0.08782434936380239,0.136058817394063,0.19367833391273787,0.18096430131746336,0.08782434936380239,0.08953978250273276,0.5143363917535144,0.10663109085051727,0.1258133735765793,0.13132819742584756,0.12911110985496002,0.08527525747127838,0.519871740746951,0.6653264220936065,0.13092144461007998,0.36275575416266564,2371111.4,0.0,0.006613861479068922,0.5999999999875649,0.3933861385333662
22,0.669001709673668,0.2663126153054753,0.8358968328324895,0.6970579039458642,0.5011469490343973,0.3480734919122193,0.7289721847547452,0.6005717928640552,0.4512571593274925,0.5293535202340558,0.45125715964388946,0.5464666207996324,0.43202982804719486,0.48146165189234913,0.4523461708476047,0.5639716238081501,0.4120233942449615,0.6002199032892366,0.456930577143078,0.4570118197045345,0.42288875723284214,0.47928970610599936,0.4275987268596399,0.41719789024696086,0.4371266077378338,0.513717108956878,0.4666088565956061,0.41719789024696086,0.4171405605669187,0.7004966811724663,0.43348353694498026,0.43162930368810865,0.4422841544767286,0.43165887072688386,0.43598075310570455,0.6913401165611109,0.41202339419422507,0.4664695348638402,0.6148639123407177,1802059.4,2.011974,0.4000000000047746,0.0,0.5999999997744333
23,0.6980383140405844,0.349517297788961,0.667522670969218,0.4009960901705071,0.12542773445353272,0.05935202743714177,0.789993121854605,0.36463656300880487,0.08589449539395304,0.8091490397365015,0.04253516051863976,0.6060131399160845,0.13310628996622265,0.7803178198985519,0.6776787562897528,0.2890556860231262,0.07710315248675557,0.3475319468030402,0.15596710901717387,0.14629557408841173,0.1372578943595456,0.754949379211499,0.0846079106670448,0.08892104648742047,0.13706602764418846,0.19545699798274452,0.17885585659075107,0.08892104648742047,0.08974586749661999,0.5150601740942506,0.10741191420975232,0.126884300657427,0.13447817802473233,0.12972273658209582,0.08635300254269317,0.5249966305694538,0.6437305160857687,0.13063164835983979,0.3620578177085333,2345580.2,0.0,0.006613861479068922,0.39999999998664104,0.5933861385342901
24,0.638916810733227,0.2558098961740052,0.8750399247117665,0.8243155252713162,0.6534238691375052,0.4730221013859995,0.6863413782856514,0.7230523391345205,0.5199350153051837,0.43894485362901126,0.7145757594409607,0.5167418082942125,0.5661230182197009,0.3283278021616331,0.3171317256047985,0.65746724047279,0.556967137234437,0.6815304005697034,0.5750416942863774,0.583161739123507,0.5531487615878045,0.33347133206870716,0.5685902052974571,0.5606702949130661,0.5593538946463792,0.6293783593080747,0.5838937037357264,0.5606702949130661,0.5604802365144544,0.7657218465103,0.5767049345775506,0.5525355154823165,0.5629486739540872,0.5544186997798242,0.5804381207958382,0.7562306826816203,0.28363867640792195,0.5988721261194576,0.6955732494082718,1474942.8,1.9712579,0.5999999999840777,0.0,0.4000000000159223
25,0.5460579430667186,0.33684624554589154,0.8135148822460163,0.8678831249846247,0.6371209526050764,0.4794372862553572,0.6795506633748725,0.728643781719945,0.4890099387950853,0.44808391284524013,0.6177585264604772,0.5760998743047987,0.5773836057627013,0.3703033059350149,0.3457830035192406,0.6667108241608216,0.5575045992337625,0.6898503123617907,0.5850017276096658,0.6079510484987479,0.5495728059687598,0.3684969050351544,0.5767182457638228,0.567367939508872,0.5735330842490248,0.6311065013632997,0.6112774187583374,0.567367939508872,0.5690701522612436,0.7728723981539876,0.5838617873670797,0.5626625522627168,0.5702856803133759,0.5684903080596897,0.5896022417402469,0.7660710503584793,0.33337913910746836,0.6066486272977147,0.702783142860062,1573447.8,2.0061785,0.5999999999997984,0.4000000000002016,0.0
26,0.5384027149725014,0.41306908327462677,0.7247699189404307,0.7236075137398523,0.40403552837057977,0.27004422956695745,0.7545062293484847,0.5132635125971706,0.29697871047562613,0.5270653392228345,0.29697871053910757,0.6157288728292472,0.3686279158868734,0.6328682638272546,0.570152411348241,0.48699617828564146,0.3234795891407271,0.5261599216422641,0.3856389170927866,0.3987387721962167,0.3455387051761496,0.6184936685136079,0.34012342761997993,0.33782384001649696,0.3634005491342579,0.4201541243908659,0.40865149602370027,0.33782384001649696,0.3412036798163794,0.6410326943893637,0.3522673029549207,0.35459211190657347,0.3573596985645334,0.35471511406872935,0.3539120467840805,0.6346836535688285,0.5615750621453444,0.382377549177649,0.5394310796169861,1948431.7,1.3780525,0.40000000000914376,0.5999999999928761,0.0
27,0.5233754285249124,0.37990244693058894,0.7855276066027854,0.8464238967294766,0.5601582020937078,0.3833266962253586,0.7118009858909938,0.6497219400631248,0.43946865446665456,0.469700647704359,0.4394686549753619,0.6107858955056269,0.48021997353553975,0.4814126534930003,0.4422629887005515,0.5922833589506167,0.4445271028126784,0.6172991897036006,0.5056561723783898,0.5204650903016586,0.4565304324706454,0.47503117692613583,0.4743702434618515,0.45575686746628485,0.48321764425485836,0.5492360554860298,0.5184653326295484,0.45575686746628485,0.4591004816068014,0.7202604840424928,0.4695393832573897,0.4758587734388123,0.48042707844348537,0.4758048655112934,0.4895954699748255,0.7125424263653506,0.43395384615624133,0.507110990788335,0.630795268452351,1780189.4,2.094968,0.5000000000729231,0.4999999999270769,0.0
28,0.6850879275454783,0.355631356714978,0.6579964012975391,0.40587707379917826,0.11742695674425951,0.05905452306446653,0.7883892341294592,0.35085742038497836,0.07404434245225643,0.8204590310118489,0.058751442149824494,0.6025555318703557,0.13238745948816305,0.7972170737859816,0.6909335060665723,0.2898689849092193,0.0754600950121363,0.35045738212082833,0.15524758533542243,0.14667934487870282,0.13631799333588468,0.7706188982396225,0.08383329537909986,0.0885073644136717,0.136984479383111,0.1958390180524849,0.1802722078164108,0.0885073644136717,0.08976663476641723,0.5154828580372187,0.10715805760997656,0.1264627692163742,0.13339706914445343,0.12973775505639018,0.08570368993912111,0.5239356234634207,0.6587667718853093,0.13073474809104377,0.36428298878285903,2360744.3,0.0,0.006613861479068922,0.5000000000021463,0.4933861385187848
29,0.6499459020030794,0.2736470109208839,0.8515100062086567,0.7558279840473964,0.5618438432564566,0.392278669634724,0.7179807864829288,0.6464810827776727,0.48549421984237495,0.4854942196937575,0.5389434597759979,0.5455735949520992,0.4823861126214767,0.42781312938578686,0.4012404282356496,0.600974919347801,0.46191091248295885,0.630657252146393,0.5004734209373617,0.5078769027705404,0.4659292938554143,0.42764574523594856,0.47634096120422537,0.46654381296020164,0.4799955770752946,0.5557959892875138,0.5112149567245282,0.46654381296020164,0.46693906765320725,0.7234057556923928,0.48115639795649334,0.47453016728650466,0.48536921864895843,0.47411387913162373,0.48683055259776353,0.7171809419417126,0.3641739878060343,0.5120897992785904,0.6450168896793604,1652899.5,2.0837662,0.5000000000199535,0.0,0.49999999998004657
30,0.7142665232319813,0.312001891406056,0.7265975167644356,0.4648556922162686,0.2168618974899508,0.11966074652425424,0.7787797297455205,0.42166798054785337,0.1387232416948028,0.7543228127436575,0.19450670455572905,0.5853009798567586,0.1959370815324688,0.7072500048230705,0.628597795214057,0.3436087141835967,0.1514911331645822,0.3998251706829781,0.22341289595635327,0.21480509048835703,0.20387124013232058,0.6927865048643836,0.1591034847646294,0.1602816291645595,0.20370945828806403,0.25663243236460953,0.24402956847754592,0.1602816291645595,0.160311903032026,0.539356603668203,0.18086638061916308,0.19416672957570824,0.20405004115654707,0.19624866059962848,0.16209621735650215,0.5478030583210017,0.5787369711153345,0.20476723520059528,0.4159185241170795,2207442.9,0.49641163,0.09999999999097052,0.0999999999723678,0.8000000000203052
31,0.6161728163607704,0.400015900628751,0.6299362866682465,0.49719307970806603,0.14686601216174008,0.10210220133181797,0.7672143144493037,0.35556781892179995,0.08025611623752733,0.7486414977400244,0.1953747386039786,0.6309340543890549,0.1841277125358885,0.817307436047485,0.7300545568017573,0.3354244457335163,0.12523799753784634,0.3961254155257962,0.2023805472521743,0.20283094444988906,0.18727772083705127,0.7942122926642985,0.140288478424215,0.14425803330510378,0.18534960281159663,0.23790440487006312,0.2379313335673994,0.14425803330510378,0.145146343809819,0.5460344826712847,0.16486663474343258,0.17304830708683536,0.17598595246623364,0.1779317672354375,0.14580679745672745,0.5508819840895337,0.7128755031018147,0.19215574109339847,0.4093622870472632,2328806.8,0.16362899,0.10000000002492013,0.7999999999808983,0.100000000002736
32,0.5825403040281198,0.23330177397800747,0.8973289209934191,0.8949668462164431,0.8370775890513087,0.7438431390736912,0.6005303665966375,0.8106027700239224,0.6790456165597027,0.3358798939927006,0.9059478692971481,0.4888717929843898,0.8210299700748716,0.1792408636437085,0.19109438266089415,0.7998009407783162,0.8225903559268892,0.8108559777583939,0.8104839220155166,0.8150266250234394,0.794068180325226,0.1827037395306852,0.8266977219039439,0.8255146318273223,0.8108076096524353,0.7886194261941359,0.8197661451268409,0.8255146318273223,0.8246375449882357,0.8598717542793897,0.8366557546971011,0.8022368675218793,0.8076697012487616,0.8092791653408872,0.8331803224202337,0.8446681725813521,0.1768372891171181,0.843616610911428,0.8222126676681911,1054279.9,1.716438,0.8000000000173,0.1000000000456097,0.09999999993709031
33,0.6193881726240781,0.27127713528446507,0.8716145444856037,0.8637546619864072,0.7140083389078082,0.5622058676134261,0.6607378731244538,0.7885941202687503,0.5345027627536342,0.4051083567794751,0.8842137830301732,0.5298718020870085,0.6678302917795317,0.27749630181169666,0.2766100051928016,0.6951408466959135,0.6559979961071999,0.7158202722339724,0.6557040813135816,0.6707703510631112,0.6487423821583649,0.28222562066628865,0.6618119121475886,0.6603976619493358,0.6497929759488936,0.6696570899729262,0.6777569101337663,0.6603976619493358,0.6607885827099135,0.7911208808262791,0.6780981893067494,0.6387322101349062,0.6482720528378647,0.6460054754920493,0.6728108836157576,0.778839675090946,0.2511755729997414,0.6887135357159939,0.730079181909584,1317119.0,1.9218549,0.6999999999850776,0.10000000001424421,0.2000000000006783
34,0.7006897232427173,0.32901063430273464,0.7159072786256425,0.4710229418728008,0.21098031855573215,0.11961681849839811,0.7851665471048562,0.423410650908866,0.13054281350762667,0.7617995948026915,0.19450670455572905,0.5931737742263765,0.1977198079477387,0.7187179219355725,0.6377175438643209,0.34699603533986767,0.15006674506278334,0.40418577966933217,0.2218341435487129,0.21349808410375906,0.20581656434068693,0.703224303211291,0.15732256793646798,0.15964346903319568,0.20283967491189908,0.2587307422821792,0.24382673239802347,0.15964346903319568,0.1602635505739398,0.5421606582728078,0.18088843740891147,0.19239015399073134,0.2018781266882383,0.1949547291915144,0.16153249321319446,0.5515877905158879,0.5902661980460377,0.2044262069766887,0.4205867221772268,2244836.0,0.46950322,0.09999999999097052,0.19999999994440978,0.7000000000482632
35,0.6078277931232914,0.4066807215541041,0.6728104022166875,0.5906862264177711,0.23086767890723447,0.15589990406883028,0.7720301744165924,0.42505813194903547,0.15810397546894922,0.6979510752735185,0.19529739310324867,0.637015659776498,0.24394639229255244,0.7556927261653653,0.6719486401815383,0.4057136571462075,0.19151905325047072,0.46269901137854613,0.26002134924445996,0.25866712852490076,0.24442519381591263,0.7347066286775148,0.20779114228417578,0.2086773911555144,0.24144123169075282,0.31104910904137756,0.2877839494314818,0.2086773911555144,0.21123711880252583,0.5915627310755212,0.22938165262032892,0.22940586831809373,0.23513356352172018,0.2335151442991491,0.21778381356109378,0.5953074456979717,0.6579093619108136,0.26010949595680627,0.47612777517304394,2224354.8,0.6353274,0.20000000003379875,0.7000000000564713,0.09999999996584077
36,0.6302250425279331,0.4028901146128904,0.6366234712522074,0.5002757861957342,0.15618439218466224,0.10212819867621334,0.7677836430365276,0.36797470235059876,0.07931957187632718,0.7446463815226296,0.1953747386039786,0.6248354212065749,0.18225088326461933,0.8001190102508268,0.7165732895857999,0.33371946963110005,0.12664236325141073,0.39513439433016095,0.2045647417192396,0.2032978220741239,0.18540231607860908,0.7778873989514419,0.14097177407653194,0.14453496427607956,0.18756993542332062,0.23941864610632016,0.23737603077466585,0.14453496427607956,0.14535400118919556,0.5452408358537899,0.16509658022909596,0.17503607383701889,0.1786271787324916,0.17985012561075117,0.14606072393316907,0.5468391334481819,0.6937559116923466,0.19191161992590589,0.4082823313235953,2330092.0,0.20772805,0.09999999998730126,0.6999999999840938,0.20000000002860496
37,0.6031791285087297,0.2878410901908076,0.8605726797498909,0.8715295305585044,0.7068590422895187,0.5622250729349669,0.662135967685337,0.7873060324594631,0.5199889953352047,0.39103246130812325,0.881604579899914,0.55958334046014,0.6655971018527659,0.28392913230300704,0.279804779170936,0.7073271651734176,0.6542067546961543,0.7284700791923202,0.6532692396399211,0.6707876336934323,0.6456653157441564,0.28728357208109917,0.6603513161892117,0.6604851747226878,0.6479819276736992,0.6814750268610735,0.6780033317478248,0.6604851747226878,0.6616442870177804,0.7985284228967747,0.6783340167714089,0.6367589156642846,0.644637662830318,0.6439038425597265,0.6724483276478235,0.7875221068811981,0.25976905216826696,0.6887560358683201,0.7420027020419495,1339063.3,1.8997698,0.700000000000233,0.20000000006442684,0.09999999993939555
38,0.7006546535616635,0.29455678511433486,0.7656031407484566,0.5270627628555841,0.2861376185192962,0.19046528015925368,0.7701411054263736,0.45897057081292364,0.23163226302545667,0.7144856787906403,0.2444891327200272,0.5827766895591445,0.26962104727862457,0.6339471005259593,0.5677758696989588,0.40465537000149443,0.23471258096139438,0.45498202091949064,0.29780832263103646,0.29066421682687293,0.2691923595408943,0.6222960280848733,0.2436084187403955,0.24289647569866962,0.2790529781888725,0.33022956592164354,0.31696232206813574,0.24289647569866962,0.24209285078467987,0.5873541635573678,0.26184859146480605,0.2709002727536749,0.2797141725308828,0.27248388040497784,0.24753435591661546,0.5926500251655733,0.5215111266432564,0.28997733621823846,0.47064411915190285,2110400.8,0.94321976,0.19999999999571266,0.10000000006235386,0.6999999999293791
39,0.6084948862452246,0.2807781813095651,0.849759996958623,0.8333595260294223,0.6354043063014868,0.46221180536857875,0.6948961216851578,0.722222598047192,0.5057721711864108,0.47820121664119014,0.7223359177375821,0.5293988350208862,0.5559134530246665,0.35610373183046057,0.3385116442181887,0.6605158343510286,0.5430312384015351,0.6867146925732076,0.5632684573471844,0.5737321159298622,0.5430564800941202,0.35834452445954357,0.5555317366614987,0.54797758824672,0.5476514227223637,0.6264198087771015,0.5756237498086861,0.54797758824672,0.5489941360574792,0.767487654698358,0.5656009245012179,0.5396858444240094,0.5496620523690164,0.5419383139929931,0.5694447905292044,0.7614803036657863,0.3086123722903944,0.5887003304348071,0.7013497638547752,1515678.4,2.0389834,0.5999999999867344,0.10000000000284046,0.30000000001042526
40,0.6810435239283066,0.34751617195281964,0.6984948900819234,0.47643496535419144,0.1993690134404005,0.1052812420536271,0.7838691701515397,0.42015543192609484,0.12187594331777636,0.7774669426204462,0.1953747386039786,0.6155271766739067,0.1863974608513941,0.743710742633192,0.6633829839980231,0.3359519287841251,0.14002116753503127,0.3930257065857583,0.21280160754750727,0.20698016502389566,0.19004677483904955,0.72529677927188,0.1482443807168013,0.15063096309782897,0.1937057998399881,0.24859305530275808,0.23633703636096515,0.15063096309782897,0.15103322705551375,0.5525890614692505,0.1711987662562214,0.18304321780359348,0.19160200928115026,0.1858907449357343,0.1522105666508039,0.5590414167566304,0.624366892536186,0.19506452799172277,0.409428312479476,2276924.9,0.40384264,0.10000000000127916,0.3000000001658733,0.599999999829798
41,0.6393902655786009,0.398322818295907,0.6505296471134157,0.4988055380017447,0.16924980430364908,0.1028293086088203,0.7678973196952766,0.3815678060737102,0.08913353851826607,0.7536815877582242,0.1953747386039786,0.6315588532781036,0.18224963521285337,0.7822809994367262,0.6988140536919243,0.3343927081474802,0.1296404965990768,0.3959418759938579,0.20505031439015203,0.2040111358065455,0.1844625233614827,0.7612668563302866,0.14265551612939117,0.14578320202869866,0.1872245643809298,0.24257689206284525,0.23685456598168853,0.14578320202869866,0.14688063054826342,0.5465400682921946,0.16621526027394526,0.17638316210164146,0.18078639411391825,0.18008915356788605,0.14706093358091785,0.5496983064393373,0.6714710209615331,0.1916909690630249,0.40974754745387,2327118.7,0.26605829,0.09999999998730126,0.6000000000072828,0.3000000000054159
42,0.5726601349479402,0.30874488950579093,0.8346851218995799,0.8666459066589293,0.6510447614021869,0.48595933252399637,0.7005246761877982,0.7407371382698894,0.5034870177706122,0.44543648367829586,0.614290704548304,0.5773774785705718,0.5824149236191123,0.361978435153112,0.3398029380217373,0.6740577926108425,0.5657093376215144,0.6977034784508905,0.5908352405162012,0.6114058763500385,0.5542560090452185,0.3618683117554905,0.5815217209635629,0.5728152770244319,0.5784029394846719,0.6408716543859122,0.6134214672900976,0.5728152770244319,0.5747099043436508,0.7779934860343347,0.5894193133714034,0.568500895593247,0.5775375559788202,0.5730378045591435,0.5945360213051177,0.7732474823009398,0.3214609500175498,0.6108607206716317,0.7119736131323334,1564313.8,2.0160008,0.6000000000323908,0.2999999999923593,0.09999999997524987
43,0.5855338331943339,0.40052371530363395,0.7088917550125278,0.6630649333259581,0.3288209306048901,0.22112626843647237,0.7557271222493931,0.47658819639121414,0.23248127906749158,0.6166346699767201,0.23248127941786828,0.6183179862830048,0.3176652466519794,0.6764363812949785,0.6110218059411884,0.4503560228093553,0.27208344342213,0.49779171490071983,0.3260585483062152,0.3310120059755303,0.31277393016175936,0.6620700761747444,0.285194218927648,0.2871262955260394,0.3066658370484316,0.37440541894672497,0.35131293805869757,0.2871262955260394,0.28990405317765255,0.6175819797695988,0.3070362873146718,0.296531057647368,0.30075675541933994,0.2991995361807363,0.29657086714581793,0.6129720418506402,0.5952830981352895,0.33246761520655616,0.5110014339588463,2094023.3,1.076553,0.29999999999804794,0.6000000000137249,0.09999999998822716
44,0.6877548956454413,0.29708072063651497,0.7933237961996433,0.6298565567743191,0.3735558875388222,0.2492660378167806,0.7611327264476586,0.5200465864704791,0.2935079567777668,0.6377411583570205,0.2935079565735862,0.576514514141718,0.3425606992641619,0.5849121725256495,0.5329109323519539,0.4756643525463519,0.3126470294617487,0.5217473567918876,0.3464451302526081,0.3444337807807829,0.34213126826245466,0.5765327515301397,0.31264702946136075,0.31998064462275166,0.32882479479610555,0.4065793331722354,0.36580353176555824,0.31998064462275166,0.32117302766311173,0.6417363683212318,0.3407779636549478,0.31996518547788944,0.33026745060032064,0.32185732255777305,0.3222470663960357,0.6451979610268801,0.4943296836137992,0.35918380103556874,0.5364833670436044,1991747.5,1.3874508,0.299999999995289,0.09999999997200268,0.6000000000083916
45,0.6747957516323857,0.3603360198815973,0.6834832185651777,0.48195072105577363,0.1903843525696039,0.10532752105467076,0.7783199386203973,0.41544927075522536,0.11223241592707989,0.7658423620242409,0.1953747386039786,0.6372914930099958,0.18768195508053034,0.7570271974425158,0.6745064350772485,0.3359815970542153,0.13846655771593425,0.3945520710757055,0.2107520556587222,0.20637571127751062,0.19095521237586072,0.7372077353178146,0.14791472900922117,0.15096202520559754,0.1928477927845229,0.24689264414818402,0.2371034097911455,0.15096202520559754,0.15189479389340033,0.5501758302696008,0.17206829760170406,0.18144126254995477,0.18885512960751805,0.18496526872821611,0.15251367931858179,0.5582534447067413,0.6413315742134713,0.19577501359095165,0.4102994754534215,2301419.2,0.36933931,0.10000000000127916,0.39999999998664104,0.5000000000090303
46,0.6065652332509728,0.30114384850679826,0.8466638056902883,0.7829822353899532,0.562445933663327,0.39266963790216014,0.7385255847470023,0.6362155999843554,0.47578363920839745,0.4757836391981355,0.5389434597759979,0.5713297671947772,0.4866236923902395,0.4406354867394769,0.4054451862491647,0.6156032009625945,0.4627348940745606,0.6447588231313709,0.5021540863370423,0.512012202421792,0.464957044890272,0.4383558650885956,0.4761363459859058,0.4682572241555234,0.48320983255714217,0.5691161798570736,0.5160555944121954,0.4682572241555234,0.4694413408210862,0.7431137020032137,0.4822668786628068,0.4762968769191936,0.48637951304872357,0.47652575144646475,0.4901180379541708,0.7430775529270399,0.3754157268732589,0.512320808695932,0.6599881758188322,1696941.7,2.0833702,0.5000000000356704,0.09999999995148653,0.40000000004373415
47,0.6611405088978461,0.3699816599053953,0.6719896358411628,0.48630729743687895,0.18218398735243607,0.10485014388960509,0.777602647452778,0.4033455817721758,0.10267976615893828,0.7796550999187991,0.1953747386039786,0.6433263150775188,0.1864185619571249,0.7683295761194763,0.6823353468276867,0.3349984102942205,0.1363249250508761,0.3954570179107454,0.20978867657356834,0.20650562562842908,0.18885060468420775,0.747090234659228,0.1468804226763616,0.150267237515626,0.192578817338191,0.24679848952623532,0.2382590533872359,0.150267237515626,0.15187004397353718,0.5505231979821892,0.17180064285661675,0.18080884646795145,0.18742798038928954,0.18483797117172107,0.1517088235013633,0.5556650612857523,0.651403704547068,0.19563218762154758,0.4105368051203319,2317083.2,0.32377899,0.10000000000127916,0.4999999999838783,0.40000000001179303
48,0.6197670443347315,0.3033960798308347,0.8228094166287669,0.7271092059595798,0.4980234030339208,0.3363647471324797,0.7469484014313881,0.6080431320604948,0.4101631983509888,0.5167032202177613,0.4101631982513398,0.5853345792734782,0.4306692645652237,0.4979074959517881,0.4561289933885116,0.542940065783496,0.40282993352628826,0.5735122847712844,0.445888741202309,0.4537777041931421,0.4128683836698448,0.49421458477351354,0.4108938504744945,0.4083256525425306,0.4259004231846114,0.4938226819775501,0.4617975182283176,0.4083256525425306,0.4097497762216626,0.6830943262857416,0.4223762987714996,0.4198279205905007,0.4272851712577005,0.4186929229070555,0.4224961905257244,0.6806483811349086,0.42067744746808994,0.44742705515807,0.5883091124578075,1849572.3,1.9096599,0.3999999998896667,0.10000000001867577,0.5000000000916576
49,0.553118439400565,0.34520118453026305,0.8060703911324613,0.8364436066344744,0.5711111176536615,0.3946735038277415,0.730564813301425,0.6495419897535225,0.46230385804224294,0.4623038580357151,0.4623038582871255,0.599317530166735,0.48937544291873314,0.4574028402821082,0.4184529492149156,0.6067501153228334,0.4560981346712407,0.6305058346618392,0.5171814275074162,0.5323507503767577,0.4623351826205218,0.4529558550843804,0.4843352901033095,0.46499020143448716,0.495397385647719,0.565253198359194,0.5305102995422408,0.46499020143448716,0.46797562655092767,0.7294823180173593,0.4783776004315268,0.4889898950710991,0.4949161184683048,0.48821422745741716,0.498951875209516,0.7250706078739841,0.40294128825311615,0.5177403371888051,0.6446901545171277,1775189.4,2.0966305,0.5000000000154308,0.4000000001252964,0.09999999999004512
50,0.5461513911009845,0.3939821413200882,0.7560426569164367,0.7567072118078848,0.4606356961391951,0.3020430053419645,0.7455886786913962,0.5679822763552428,0.3747506589487368,0.5118928357905942,0.3747506588495253,0.6232647919856441,0.39338606824701294,0.5588580542690449,0.5028283815118831,0.5174265569731458,0.3550873343811667,0.5495099757749744,0.4230564290058759,0.4353571945067329,0.3709656487044746,0.5486034067231486,0.38002578798028624,0.36639885229821206,0.39958452859360893,0.46047790550355827,0.43995551999904375,0.36639885229821206,0.36926353108197024,0.6632362664140967,0.3800666000104038,0.3926317538196562,0.39704879803573934,0.39175603716260987,0.3929205735064765,0.6559672299601252,0.4859990555646087,0.41728789514109604,0.5632924923530739,1944857.0,1.6788733,0.3999999997928692,0.5000000000046944,0.10000000020243646
51,0.595767476319599,0.2855786737993417,0.8444712419952245,0.8549449160544216,0.6456404482357063,0.4859254383252772,0.7075490567316234,0.7323080482696805,0.5329596920213562,0.444220599484119,0.6987174158849315,0.562368046823062,0.5734148537973954,0.35940428279355485,0.3398453580422661,0.6800878570841432,0.5575716911924353,0.7029466844673602,0.5875464512714365,0.6017310919066325,0.5482258452877534,0.35959361903429643,0.5741889158105636,0.5633353400837454,0.5716747243593472,0.646595033270651,0.6025564440321887,0.5633353400837454,0.5643997254459815,0.7809905311602859,0.578199751100154,0.5643687227047287,0.5734045135881928,0.5663661029248852,0.5871816102179483,0.7746700776470199,0.3179863129224124,0.6054892025477101,0.7174684628220438,1545007.3,2.0061748,0.6000000001051137,0.1999999998595433,0.20000000003534305
52,0.6292147925265684,0.39651069289867674,0.688018969045349,0.578291605648578,0.240487230414729,0.16077900166568207,0.7614852975045402,0.4355623088115367,0.1577790518602075,0.703156474370663,0.19769510369791038,0.6245467152129721,0.24901704136537928,0.7244713837015055,0.6443978523546684,0.39277050458818846,0.20176991211701525,0.4502341993485853,0.2631942443664271,0.26073146291191374,0.2526488258854866,0.7056538021180906,0.21400864490692934,0.2171933049722331,0.24563080871578086,0.3075429456985783,0.2901159157852418,0.2171933049722331,0.21917032805736206,0.5805943795836057,0.23817901310857878,0.23460363177667787,0.23936509939431191,0.238413323814698,0.22206499920915437,0.5799786840993456,0.6211826671293964,0.26436185148813196,0.46350674272014336,2224100.5,0.68898402,0.19999999999177387,0.5999999999873535,0.19999999999980328
53,0.6819214884289216,0.3209367569321801,0.7451932761680092,0.5394906817912437,0.2735236016824211,0.17503220044026854,0.7803467642853028,0.4581286132096633,0.19823652213182694,0.7240062572534622,0.19823652221742666,0.5911121524606192,0.2568336380659684,0.6638706225591037,0.5940162472342353,0.39836437916536827,0.2171197831291198,0.4509586827055724,0.28325894059393136,0.2750860679646463,0.2595739138845125,0.6504559036287108,0.22631383885498063,0.2260411662994626,0.26407994769035653,0.32248184716554557,0.3019107105062941,0.2260411662994626,0.226813975217578,0.5824583542463756,0.24654124930264662,0.25482310731949354,0.26345366018139776,0.2565601588992353,0.23242592877290985,0.5855784359723115,0.5502294133078779,0.27429154177796145,0.4667617723403285,2147867.6,0.83247771,0.2000000000208777,0.2000000000356491,0.599999999929097
54,0.6012277998711092,0.38938246354057077,0.7276758650232291,0.6698295414806756,0.3528364190686265,0.22659632113464842,0.756089246460353,0.49782554722582223,0.2637244498410572,0.6111705917887081,0.2637244500618274,0.6072016343721783,0.32227860465430314,0.6477383668677662,0.5843925887602687,0.4555819076087716,0.28261979590597264,0.5033734255708309,0.33160453055864314,0.3352789896610835,0.3189778180194923,0.6340277074345138,0.29321632800099706,0.29541058871157616,0.31235636984046916,0.38529741899711073,0.3536217816187691,0.29541058871157616,0.2989329258419173,0.6236940752704963,0.31576966313787597,0.3031378574838319,0.30844101089777787,0.3049027433839772,0.3046460842006621,0.6192454778387372,0.5628369426765564,0.33809974711899105,0.5174241192276714,2089705.6,1.2099358,0.29999999999620036,0.49999999999426387,0.20000000000953572
55,0.5695205837864441,0.32071618693297577,0.8226844240073882,0.8195927832252812,0.5699194740294492,0.3983591556238292,0.7377368537414563,0.6583140544930769,0.4807221708635616,0.48072217089172614,0.5286734496387983,0.6031617394757538,0.49358886212717373,0.4552495573938089,0.4168161680850167,0.6188511015597653,0.46302579848042336,0.6452280388008643,0.5162171467301332,0.5271524954295144,0.4669260258230177,0.4496932917462341,0.4852779798078148,0.4700696020274946,0.495796497974444,0.5740386847079919,0.5284274627805483,0.4700696020274946,0.47196903768208487,0.7445480786471063,0.4834389769890169,0.4884155162765466,0.4969614144724267,0.48848886890819343,0.4999753437937036,0.7429672858100101,0.39831258710418443,0.5202983589528847,0.6604225885996216,1759479.5,2.1165221,0.5000000000108923,0.2999999999767351,0.20000000002892698
56,0.6752960249472097,0.3323930140524659,0.7349038429578844,0.5448192103007318,0.2668443900672309,0.17540603587437775,0.7827976545927958,0.45916440849887474,0.19434489686304657,0.7336306667868081,0.19823652221742666,0.6036958489470077,0.2567471406392813,0.681857559168131,0.6099564206311382,0.4012713574875213,0.2166555206158504,0.4536695638380747,0.2823167598699168,0.2767241223168201,0.25613340061048445,0.6664385437367896,0.22633248299951284,0.226458863279298,0.2639761378099378,0.3229483823982929,0.30409083061720865,0.226458863279298,0.22733570214127097,0.5862488817420479,0.2472083733173203,0.25412441470642316,0.2625280593354493,0.2566142261258916,0.23226152436970537,0.5902878873533574,0.5716498582705531,0.27464829292362597,0.4702697280953548,2178194.6,0.81607975,0.2000000000213281,0.29999999995011534,0.5000000000285566
57,0.5785766025986976,0.3136889672433354,0.8329821702139896,0.8048287295759464,0.5676964888437187,0.3954833337504971,0.743279767912915,0.6499593662454385,0.46799302311861074,0.4901840981893754,0.5389434597759979,0.5748313629014554,0.4878784780142338,0.45879881672744327,0.4199350749403614,0.6202662913282854,0.45982448258671016,0.6492824993620182,0.511231120775621,0.5222229103732268,0.46445759209656456,0.45443875225396857,0.4807321901544641,0.46562689895409654,0.4905578199184914,0.5737981219073285,0.5244926057890025,0.46562689895409654,0.46713516549208295,0.7468823174361318,0.47965126441529793,0.48395884948694656,0.49371638709280175,0.4836492813264593,0.4952691733904577,0.747422874765087,0.39467896180796175,0.5166451225542477,0.6649397462994524,1731808.7,2.0898939,0.49999999999348294,0.20000000003519672,0.29999999997132043
58,0.6527380497772793,0.37260440469404155,0.7092346789747784,0.5780746317553596,0.25915786543710406,0.1620372066459537,0.7784873948117216,0.457803265837602,0.1760775399755196,0.733161166190251,0.19769510369791038,0.6291191726697377,0.2488747239604976,0.7066156456073931,0.6305094714817093,0.39463874049544373,0.20744070750057533,0.45050276895130886,0.26611749210848284,0.26241952554080306,0.25203772073753955,0.6891183315295597,0.2169021210404171,0.22033993615847552,0.24858605669568662,0.31315944892971237,0.289586802084636,0.22033993615847552,0.2227499296879355,0.5830129921316258,0.2418640137533453,0.23794430864227592,0.2446214586662758,0.24121206610892712,0.22514287511575173,0.586486420294959,0.6007010287282567,0.2660274347889079,0.4652477763906688,2215180.9,0.77637511,0.19999999999866536,0.4999999998807771,0.30000000012055755
59,0.6697478278811047,0.3100678788553324,0.7821173551928666,0.6384896632899535,0.3679243761943076,0.2492367979962859,0.7702759766312876,0.5230904641365091,0.2952641581946347,0.6460690466931203,0.2952641580772007,0.5856926362226791,0.34341562476326576,0.6000396985946227,0.5437917019448597,0.48112843487971685,0.3108288896566399,0.5277727835895806,0.34559761920719545,0.3446126817489047,0.3419962889882055,0.5905600651728743,0.3109006710996563,0.3186963439370706,0.3281512039269054,0.4099170922940129,0.366805393731136,0.3186963439370706,0.32022647214592714,0.6463639772698848,0.3397246860084997,0.3185751576551118,0.32873087235877674,0.3208034841773193,0.3214723056710978,0.6504419258283086,0.5070870300208004,0.3586571952075642,0.5428104038172017,2027600.7,1.3670791,0.3000000000029154,0.1999999999111716,0.4999999999986259
60,0.575467485437942,0.3533533036850625,0.7829369185173873,0.7548983022438979,0.48140559328680194,0.32749850381334483,0.7527369386566665,0.5942368387012061,0.41016319825849135,0.544835137868078,0.4101631982513398,0.6075629067223416,0.4194952786881019,0.5355378621648192,0.4836555497179239,0.5454393450861542,0.38572812815760577,0.5755450475880244,0.44160452949882256,0.4547342945815764,0.39881978259640094,0.5266001591485303,0.4046224735684379,0.39472729156099534,0.42167570287644335,0.49129070185874807,0.4619903325595082,0.39472729156099534,0.3972856625628927,0.6857791010459029,0.40975335823220366,0.41432052872533465,0.4202012260565634,0.4141582353714932,0.4180336762849997,0.6847885067379589,0.46273537088278066,0.4431063468767702,0.5901440013919595,1932664.5,1.8383024,0.4000000000398819,0.39999999999949737,0.19999999990565046
61,0.6008722563484988,0.3196900960539354,0.810341070122029,0.7369258774876438,0.49240045179951936,0.33651918684880666,0.7544708398702988,0.6120932940123086,0.41016319819156255,0.5257725125022582,0.4101631982513398,0.5969823908855324,0.4311559238864476,0.5148997733013955,0.46830512878934294,0.5490933745359124,0.4003623128948102,0.5799533525269368,0.44612981012208036,0.4546123013486631,0.41271453394462315,0.5098622801052634,0.40994634858177265,0.4064269843996042,0.4261819838182344,0.49777624674771637,0.4631525156605753,0.4064269843996042,0.4083318759312269,0.6877705119720645,0.4209259255539411,0.41933588408641115,0.42661719692556066,0.4185672154777521,0.4224780517616316,0.6864031319195393,0.435352819282918,0.4475920125531984,0.5952467348935628,1885295.1,1.8875354,0.40000000008889386,0.20000000002302296,0.39999999988808316
62,0.6615578593615439,0.36543343613264084,0.7170644453941766,0.575358556866781,0.26506406373543306,0.1624462643155544,0.7766596453010886,0.46537207068411346,0.1857621549012631,0.7146993984665287,0.19769510369791038,0.630510126994823,0.24995939725485727,0.7005636782648155,0.6272175789256906,0.39600269915212066,0.20887820104231256,0.4495915904675856,0.26749244794824356,0.2625598348311315,0.25369018610834876,0.6842807417817842,0.21784818681052306,0.220683427353991,0.24902658110123904,0.3134499783497043,0.2888898027580737,0.220683427353991,0.22242865002402226,0.5824590681858448,0.24155343287899947,0.23875556650532914,0.24604601744076232,0.24148389581468582,0.22592017745513904,0.5885737395093761,0.5957250327029212,0.2663684084443163,0.46517067578512095,2200364.4,0.81192243,0.19999999999866536,0.39999999994277213,0.4000000000585625
63,0.6284732522098893,0.3612548624855293,0.7484390066927276,0.6640406359868383,0.3592327099710938,0.2335896756803017,0.7667682467245115,0.5117948143275108,0.2813193937067636,0.6340759748845229,0.2813193932942202,0.6215907057991,0.3268286879906485,0.63637937579404,0.5758446126473444,0.4645932545361132,0.29039199203455796,0.5097811874024346,0.3413068927402825,0.3407583963208533,0.3220071422861248,0.6242662018712559,0.2996340990407394,0.3012656904654061,0.3211380089156626,0.39289780568381577,0.35898407752064027,0.3012656904654061,0.3040641958820854,0.6298100221775996,0.32167410770548494,0.3113403984447685,0.31878255180593634,0.3130008833067472,0.3111883678499949,0.6310093112850985,0.5485067984810816,0.3467143305710576,0.5246938184118418,2076921.2,1.2839456,0.30000000000071453,0.3999999999716168,0.30000000002766863
64,0.6541036610633526,0.3339911744127277,0.7676781788728746,0.650328519820974,0.36251761246790104,0.23875418623478162,0.7731874888996408,0.5195396906633846,0.2871054131410734,0.6442442521123135,0.2871054132828157,0.6169680328640039,0.331751657561659,0.623711613042032,0.5671196567027942,0.4717522658191946,0.2984791536759675,0.5167411987770066,0.34207045258643554,0.34041400264300364,0.3265010435236474,0.6126456224644179,0.30280428138698273,0.30737119802712315,0.3228184221526041,0.3994269684997722,0.3600911288897441,0.30737119802712315,0.3094514662608376,0.6382036589577508,0.32812382317623995,0.31306898721875653,0.3230827950457313,0.3153737511928564,0.31353620818673794,0.6392383344617453,0.5350621210104228,0.3502024735794479,0.5319170116947017,2057366.9,1.3254911,0.3000000000008226,0.30000000001745714,0.3999999999817203
65,0.5892211867100186,0.3342208358717146,0.7967043700001893,0.7388149654258235,0.4825531996359333,0.32798516907155423,0.7570638705039454,0.6021663460176399,0.4101631984200632,0.526990692369806,0.4101631982513398,0.6020374176038987,0.4220677498563834,0.5358087874404883,0.48806857202634135,0.5419211045409607,0.3909001452342524,0.5714060832740658,0.43975779637734913,0.4499212021682545,0.4004661182694052,0.528412691605053,0.40280262650011533,0.3979936081868348,0.4193199063824471,0.4888998749807401,0.4576505579632729,0.3979936081868348,0.3999992815340858,0.6834036364926407,0.4122617704943843,0.412654907039968,0.41910746959177547,0.41186896165698345,0.4150507150899867,0.6809089656365827,0.4620548072060268,0.44044325169836174,0.5869335906111324,1914800.6,1.8474986,0.39999999981635354,0.2999999999982106,0.3000000001854358
