,BILBERRY,ALL_MARKETED_MUSHROOMS,scenic,CARBON_SOIL_Update,BM_total,DEAD_WOOD_DIVERSITY,LESSER_SPOTTED_WOODPECKER,THREE_TOED_WOODPECKER,SIBERIAN_FLYING_SQUIRREL,LONG_TAILED_TIT,CAPERCAILLIE,HAZEL_GROUSE,HSI_RL_S1,HSI_RL_S2,HSI_RL_S3,HSI_RL_S4,HSI_RL_S5,HSI_RL_S6,HSI_RL_S7,HSI_RL_S8,HSI_RL_S9,HSI_RL_S10,HSI_RL_S11,HSI_RL_S12,HSI_RL_S13,HSI_RL_S14,HSI_RL_S15,HSI_RL_S16,HSI_RL_S17,HSI_RL_S18,HSI_RL_S19,HSI_RL_S20,HSI_RL_S21,HSI_RL_S22,HSI_RL_S23,HSI_RL_S24,HSI_RL_S25,HSI_RL_S26,HSI_RL_S27,NPV,MF,SA_O,INT_O,EXT_O,Selectioncut4Selectioncut,Longrotationthinning10Thinninglongrotation,TapiothinningnatureThinningTapio,Longrotationthinning5Thinninglongrotation,Longrotationthinning30Thinninglongrotation,Selectioncut1Selectioncut,Selectioncut3Selectioncut,Tapioharvestwithoutthinnings10Tapioclearcut,Longrotationharvest10Longrotationclearcut,Tapioharvestwithoutthinningsm20Tapioclearcut,Selectioncut2Selectioncut,TapioharvestnaturesceneTapioclearcutwithnaturescene,Longrotationharvest5Longrotationclearcut,Longrotationharvest15Longrotationclearcut,SA,Longrotationharvest30Longrotationclearcut,Longrotationthinning15Thinninglongrotation,Shortrotationharvest5shortrotationclearcut,TapioharvestTapioclearcut,TapioharvestwithoutthinningsTapioclearcut,Shortrotationthinning5Thinninglongrotation,TapiothinningThinningTapio
0,0.46209591995023225,0.1857881801717709,0.9235026382946795,0.9416573311180443,0.9913525302980845,0.9914776560790752,0.5176156180868621,0.7699086811532188,0.914999551945943,0.353638222502873,0.761310067012422,0.4179202307181488,0.9857381183016547,0.10198040619538733,0.12726163509079041,0.9612350279614873,0.991619382340795,0.954680902906492,0.992040234436979,0.9802083261544149,0.9683129566144044,0.10714069125354908,0.9989689011652954,0.9904744673505786,0.9881844237719828,0.9654554630405103,0.9693132412911002,0.9904744673505786,0.9892594108620751,0.9509191229876165,0.9882097281310723,0.9904032578079853,0.9927734830482015,0.9902153516670595,0.9983588766812693,0.9355452914339534,0.12459947321203328,0.9978896794349629,0.9558207791032076,1870404.9,1.533694,1.0,0.0,0.0,0.0,0.0,0.0,0.0,0.0,0.0,0.0,0.0,0.0,0.0,0.0,0.0,0.0,0.0,2242.7200009394437,0.0,0.0,0.0,0.0,0.0,0.0,0.0
1,0.657226827154292,0.4191947167559176,0.6818312763366081,0.5127494251534689,0.4022235897246085,0.08197441818289461,0.6796580229869679,0.5501955938879647,0.42880913067371074,0.5559001927048732,0.4288091306617723,0.533600623994978,0.1633357554117385,0.4816311787122687,0.4489207764477105,0.2647954411884197,0.13031509264809954,0.30496690141551974,0.2048965366430337,0.20044336872409252,0.16495092683149146,0.4824383760097083,0.14163103548141753,0.1324577569363382,0.18389973083828642,0.21353529395816262,0.20528850191804254,0.1324577569363382,0.1328178653533207,0.47596241815655327,0.1445810631425208,0.17954559167601633,0.1904142508864373,0.1821914012694026,0.1409135391780958,0.4594448399534885,0.39445663666684866,0.1692720998329087,0.31890249380218727,13708343.0,1.1175614,0.028617036552411535,0.0,0.9713829634475885,871.5900028124452,2.8200000524520874,1.1399999856948853,0.2199999988079071,30.905769029116627,0.0,895.8999968916588,30.13423128291369,17.669999837875366,4.860000059008598,0.0,0.0,0.0,108.79000021517277,64.18000024370849,188.96000038459897,3.6300000101327896,0.0,0.0,21.92000013589859,0.0,0.0
2,0.5763180565776574,0.453987363878815,0.5767616260475287,0.48502592446820136,0.16228211976454598,0.06468263116773376,0.6927976655805967,0.3836442397860558,0.17508589278228825,0.5368852740304367,0.1750858927863471,0.619335776865636,0.13450442281670746,0.6830671876222644,0.6036289121717728,0.26872386968116896,0.06352736206821073,0.3191298920176923,0.16441546408909644,0.16592516258665524,0.13340622664751695,0.6710233814131351,0.09521850247468894,0.08673071162890193,0.1495582425730373,0.17230394805711644,0.19628842255969886,0.08673071162890193,0.09081277821062635,0.4686525459935715,0.10527949944713842,0.13444105126277567,0.13521034454085928,0.1460713067830054,0.10190840550130251,0.456679403577517,0.5738109167727753,0.14866718967916637,0.3331713504919916,16077973.0,0.11417752,0.02814439621285264,0.9718556037875087,0.0,0.0,0.0,0.0,0.0,0.0,905.4789780208235,0.0,0.0,0.0,0.0,996.0700009986758,15.47000028192997,223.68102098175763,0.0,63.12000030092895,0.0,0.0,1.6900000125169754,11.980000108480453,0.0,0.2199999988079071,25.010000236332417
3,0.652735659437976,0.4305033132219839,0.6821194023034587,0.5179052244115909,0.39367745809885074,0.08105772103261484,0.6894529585323191,0.5384707754582807,0.42844160663530584,0.5605122933057012,0.4284416066472815,0.5441864942955023,0.16178232698194522,0.5023554241955949,0.46372774250074006,0.26616527123606903,0.1250939919000166,0.3061345648534878,0.20479734400731986,0.20099361933391233,0.16149486490430792,0.5018915635961033,0.13797632379974373,0.12784756819650162,0.1829352589226312,0.2123729980075321,0.20639904876327597,0.12784756819650162,0.1287146789326426,0.47858986532930997,0.1396260040876353,0.17881275766938154,0.18883792134759883,0.18096862158960705,0.1380558757489249,0.4627790657549493,0.4114810756030046,0.16679356836425216,0.3204304776743827,14187156.0,1.1130199,0.02814439621285264,0.10000000000360133,0.871855603783546,824.1800027117133,2.8200000524520874,1.1399999856948853,0.2199999988079071,30.870000280439854,156.16199987909982,738.1450539494357,24.080000013113022,17.669999837875366,3.6600000113248825,64.60000018775463,0.0,3.370000034570694,108.79000021517277,63.12000030092895,181.6429433618668,3.6300000101327896,0.14000000059604645,0.0,18.480000108480453,0.0,0.0
4,0.5791693193372107,0.45994608880486776,0.598730863298929,0.5202193370251399,0.2747575507833798,0.07169059934379673,0.690381015344128,0.4421137293946588,0.31571543594095725,0.5187690002223885,0.315715435941814,0.6114118133142225,0.14754753436348106,0.616821724689904,0.5522223840918108,0.2653302520982881,0.08815479134449383,0.3087397049191912,0.18137593412729744,0.18519337221913162,0.14329599413904204,0.609416838276292,0.1127874145442736,0.10364409484090856,0.1620565915366672,0.18818396869569806,0.20219737415516248,0.10364409484090856,0.10601839123280098,0.46986976515377776,0.11623141703597513,0.15395066015572031,0.15667618642026285,0.1596357805291624,0.11645893389251553,0.4541152966020192,0.5198274055304659,0.15221770481259225,0.32249846972949275,15671555.0,0.57237186,0.02814439621285264,0.8718556037880053,0.09999999999914214,71.996417692475,0.0,0.0,0.0,5.970000006258488,851.573580638997,6.219999939219471,7.089999973773956,0.4000000059604645,2.5799999982118607,928.9344189461785,14.760000228881836,132.15000027418137,22.55000002682209,63.12000030092895,106.14558244156666,0.14000000059604645,1.6900000125169754,11.600000113248825,1.1800000071525574,0.0,14.620000332593918
5,0.560709531431701,0.22363431919144042,0.9053870893711101,0.9186859520502926,0.8973601854435937,0.8044520114943963,0.5737085139619864,0.789647766241226,0.7232737732049052,0.43421317783438873,0.7610201341147613,0.43421317782567415,0.8494826411018936,0.17539290999646268,0.194911735184409,0.8449823404387903,0.8489684372591588,0.8540255415209753,0.8445918030831987,0.846607056801042,0.8392152285372003,0.18248946185244488,0.8574148689514514,0.8480581823304512,0.8442092763561692,0.8375708106653597,0.8431571354961759,0.8480581823304512,0.847508739047092,0.8773883065345314,0.8572400752408529,0.8377279106191389,0.8470399772466487,0.8441880709176693,0.8616502803863405,0.8669725338294488,0.18097507089062698,0.8641404323992963,0.8587679434688017,4790800.3,1.8847854,0.8999999999931632,0.0,0.10000000000683693,53.347383437553646,0.0,0.0,0.0,0.0,0.0,169.56461665777385,1.1100000143051147,2.8935144138665198e-11,0.0,0.0,0.0,0.0,7.573200153436852e-11,2018.4480008301662,5.4197694297051425e-11,0.0,0.0,0.0,0.2500000001914823,0.0,0.0
6,0.5388566390361073,0.23285793176852554,0.8938777130864538,0.92366321124144,0.8932796387603704,0.8322021868853682,0.5667429928585901,0.7836937425963458,0.7096253650638095,0.41098446872333877,0.761310067012422,0.4371355226139606,0.8728369268905491,0.18716384048494736,0.2038928292116096,0.860549083293623,0.8692814821080471,0.8698555808016059,0.8624852186188626,0.8644013889237804,0.8618703314892531,0.19250119384969294,0.8769663227618906,0.8709029337583426,0.8649609944166808,0.8543416146930776,0.864285582095656,0.8709029337583426,0.8707993648964519,0.8892985865481874,0.8809515593684712,0.8564912955305094,0.8645327145345314,0.8649975854816013,0.8809450548845922,0.8771710805768292,0.19485666461705753,0.8847004959994469,0.8743238001537664,5012625.2,1.8369891,0.9000000000000371,0.0999999999988749,0.0,0.0,0.0,0.0,0.0,0.0,116.64999964837409,0.0,0.0,0.0,0.0,107.62200044310336,0.0,5.393197367559505e-11,0.0,2018.4480008455826,0.0,0.0,0.0,0.0,0.0,0.0,0.0
7,0.5449908200879406,0.3896553409374097,0.7003055477935426,0.6576494108243504,0.37673526788539075,0.295074001096052,0.711405264614602,0.4751531522407097,0.47515315225630333,0.5175588542987472,0.4751531522117942,0.6150033483253123,0.332355005505153,0.5738124913796427,0.5139270588914421,0.47978150908891387,0.27914268220927635,0.5166063756902541,0.3751819231902554,0.37412260736225633,0.3212577428977563,0.5642581619912265,0.3142712497185303,0.29381431195158125,0.3555383908916333,0.3987271118433345,0.38738437862265335,0.29381431195158125,0.2968143651678731,0.6323885129399724,0.3034477792913472,0.35029128952093386,0.35145077463611313,0.3527874256310931,0.3210382287511647,0.6258810268809595,0.4924882295153559,0.35231314891894566,0.5248936607171114,15417252.0,1.4353804,0.10000000000028839,0.8999999999997116,0.0,0.0,0.0,0.0,0.0,0.0,869.3777851230842,0.0,0.0,0.0,0.0,936.4484761216451,18.320000290870667,163.88173894983657,0.0,224.27200009459114,0.0,0.0,1.6900000125169754,10.600000083446503,0.0,0.0,18.13000026345253
8,0.6541369617051342,0.35331711255243065,0.7970821436406357,0.6679232980448682,0.502947248185208,0.29821040319781245,0.723812611015499,0.587024493937472,0.5789224502081368,0.5789224502097532,0.5789224501970465,0.5789224502091237,0.3438863606432464,0.45671119389041553,0.42820209519542846,0.4804637396388738,0.3180313814318602,0.5177935410248813,0.38992320096518973,0.38079828680824923,0.3418424698810731,0.4552464156280508,0.3356312564392539,0.31778602633321373,0.36786046561699687,0.4233853342610484,0.3832693870190519,0.31778602633321373,0.3183433771446201,0.6445600883214971,0.32865338524381377,0.3675608359440273,0.37864861751234463,0.3659959277099918,0.3382684513011445,0.6397676656186733,0.3826538486460174,0.3631070390695033,0.525935994212372,13692345.0,2.0379797,0.09999999999787758,0.0,0.9000000000021223,783.6497856002061,2.8200000524520874,0.0,0.0,19.40000008046627,0.0,965.9292475065625,21.220000103116035,14.699999809265137,1.2000000476837158,0.0,0.0,0.0,64.37219083809886,224.27200008918436,124.28677668844162,3.490000009536743,0.0,0.0,17.380000114440918,0.0,0.0
9,0.6016871608432324,0.25828834722855115,0.8949182039305732,0.9082409209451201,0.8293399417353882,0.6852701866756054,0.6193885928803395,0.7889702869541265,0.6250236877409496,0.46337890511204544,0.7199463086563036,0.46337890511601626,0.754068603313999,0.23586423082090843,0.25033211376198816,0.7659307092646622,0.7467434911497796,0.7827767874639312,0.7490654042970937,0.7580042823642716,0.746654236704461,0.2436224267073395,0.7573013834605823,0.7462069046919354,0.7463083468516402,0.749692080204231,0.7562888197642953,0.7462069046919354,0.7462711937172428,0.8299738080055667,0.7591089175066597,0.7379378021937292,0.7491812437574693,0.7449707691739289,0.7646599404071238,0.8209464330597516,0.22840518261999407,0.7693641075411488,0.7885954951801845,6973612.3,2.0659532,0.799999999993838,0.0,0.20000000000704496,109.3383544994875,0.0,0.0,0.0,0.0,0.0,337.6456456869157,1.310000017285347,2.8935144138665198e-11,0.0,0.0,0.0,0.0,0.0,1794.1760007377352,0.0,0.0,0.0,0.0,0.25,0.0,0.0
10,0.5905005562037697,0.45929783451211825,0.620698426752953,0.5260801828059096,0.3182944934980048,0.0750461121008035,0.6862672807715123,0.4748700741824733,0.3761860353619201,0.5203790440658249,0.37618603539421525,0.6107560548226832,0.15154308870410285,0.578819409488585,0.5223758957227167,0.26505701869478404,0.10022810684330247,0.30607936745504155,0.1906247550170412,0.19253876895482708,0.146648065198596,0.5729330572659744,0.12156375065134409,0.1122554315093866,0.17034931730329944,0.19612473597657382,0.20457502457218535,0.1122554315093866,0.11426391491832408,0.4712916124510424,0.12412437371973932,0.16354697664155968,0.1679878407206552,0.16796436820814636,0.12434220088182939,0.4543351783747449,0.4868967837749945,0.15702809547442675,0.3201421775681609,15256657.0,0.78692187,0.02814439621285264,0.7718556037828564,0.20000000000429094,184.99979598345524,1.5700000524520874,0.0,0.0,12.79000011831522,798.1202021512313,25.369999855772967,9.610000014305115,1.600000023841858,3.6600000113248825,810.0757973962977,14.760000228881836,84.32000032067299,62.66999997198582,63.12000030092895,144.95420415834047,0.14000000059604645,1.6900000125169754,11.600000113248825,1.1800000071525574,0.0,10.490000218153
11,0.6446292346191671,0.4399427602656911,0.6760661136456997,0.5211040296909066,0.3883527257705653,0.08037779532117181,0.6890242852286304,0.5335823685196115,0.42667164013629855,0.5601485321860888,0.4266716401190891,0.5535149163957627,0.1607841947686999,0.5116658414043885,0.4705928388413728,0.2671641018005884,0.12224632978646334,0.3071238902785656,0.20320042619918796,0.20037290242996855,0.15972103586103148,0.5106371313606939,0.13593981192997318,0.12583145494776266,0.18130578212892182,0.21144014924086135,0.20614970225417387,0.12583145494776266,0.1268557710688551,0.4787920337869297,0.13740981166585337,0.17714180234136687,0.18662120942799745,0.17936494605817185,0.13643376594970263,0.46328036186423216,0.4202452294097019,0.16538147900652198,0.3214092231358159,14414533.0,1.0959449,0.02814439621285264,0.1999999999985433,0.7718556037917476,774.1200021728873,2.8200000524520874,1.1399999856948853,0.2199999988079071,30.70208295730844,280.3740003766961,569.9059974413013,24.247917336244434,17.669999837875366,3.6600000113248825,159.2999997586635,0.0,8.730000048875809,108.79000021517277,63.12000030092895,181.0300003476441,3.6300000101327896,0.14000000059604645,0.0,13.120000094175339,0.0,0.0
12,0.5356049463467518,0.35850323619814367,0.7753967576872927,0.7663367932400877,0.5123332919152687,0.430904986616555,0.7124148289362615,0.5391141767292309,0.5391141767330433,0.5391141767295079,0.5391141767266806,0.5818957956466345,0.460469408342011,0.5015885216447227,0.4606112406869209,0.6044510987654758,0.4172257618832426,0.6353700195853599,0.5047594692507873,0.5079751207389329,0.4416505419502463,0.49540658806640714,0.45185497825677223,0.42746101959729493,0.4853674628995996,0.5353465841156017,0.5117020818976553,0.42746101959729493,0.42986995026761743,0.7289451507472401,0.434181458394098,0.48340055913806645,0.48697898512262744,0.4831072397272747,0.45941207344624674,0.7270523300759618,0.4404920771651071,0.48139978095925656,0.6402740610895213,14837264.0,2.0808505,0.19999999999949528,0.8000000000027341,0.0,0.0,0.0,0.0,0.0,0.0,814.1592128483104,0.0,0.0,0.0,0.0,903.8967869161604,15.84000027179718,42.718366205856704,0.0,448.54400018675676,0.0,0.0,0.7300000190734863,9.190000057220459,0.0,0.0,7.64163443929718
13,0.6428969334344611,0.34761664690570676,0.8329913407143354,0.7678611537133111,0.5639336157571219,0.37074671747003796,0.7340708111354036,0.6212081536770725,0.5776346899015459,0.5776346899035613,0.5776346899039814,0.5776346899049465,0.418331226795665,0.4552648316314353,0.435495307284123,0.5570547603306361,0.392461458103436,0.5897357510094916,0.4678521615250774,0.4680798468316412,0.40911367247861086,0.4557254732857281,0.4186872828425883,0.3921911520106258,0.4456666452998882,0.5027805163435894,0.46460934087320677,0.3921911520106258,0.3931498687402482,0.6991155608291136,0.40114498678570887,0.4456558329015185,0.45663394355798714,0.44332159639980323,0.4245865825175841,0.6953800303039256,0.3921911520151396,0.44353125052177395,0.5965626377456554,13663989.0,2.3494935,0.19999999999779858,0.0,0.8000000000061406,676.8333077725556,1.5700000525902367,0.0,0.0,6.910000205039978,0.0,1024.3434584359065,16.229999989271164,8.38999992609024,1.2000000476837158,0.0,0.0,0.0,6.510000050105079,448.5440001829861,43.94923427675079,3.490000009536743,0.0,0.0,4.75,0.0,0.0
14,0.5704753269961799,0.2696557044116316,0.8730539447281129,0.9149115210502304,0.8235927618481904,0.7228280121848005,0.6061482748410751,0.7789543507612781,0.5991830360775492,0.4426711781262212,0.7280883221080088,0.44825934439427406,0.7837624433415976,0.2542507125343827,0.263343166182072,0.7906820108905087,0.770922733338961,0.8082428560100873,0.771698716035141,0.7804570833442667,0.7762617219431857,0.25897661794183724,0.7822449820544438,0.7743377292991708,0.7733315146991456,0.7742877724246832,0.7830134101290135,0.7743377292991708,0.7751499145766704,0.844397997374273,0.7884759701662827,0.7615008675646969,0.7713724502312456,0.7718993439777838,0.7895121243273033,0.8331009127691933,0.25173062031664134,0.794994996398574,0.8128531844880298,7202081.9,2.0223428,0.8000000000130937,0.19999999998690465,0.0,0.0,0.0,0.0,0.0,0.0,224.86400053882895,0.0,0.0,0.0,0.0,223.67999961974937,0.0,0.0,0.0,1794.1760007809205,0.0,0.0,0.0,0.0,0.0,0.0,0.0
15,0.6274600503647736,0.3605817578558892,0.8423211828270807,0.819704187356324,0.5980987024262797,0.37240571847568277,0.7454755276979712,0.6491296954520435,0.5727941052625707,0.5727941052837829,0.5727941052893355,0.5727941052738305,0.4315628022498276,0.4553020339979253,0.4387121737006202,0.5722502753119174,0.40718493704442393,0.6054861336394314,0.4826984923619687,0.4901528474892746,0.42006470786721917,0.4570189399721032,0.43722935965146004,0.4070371701458588,0.4585365156188689,0.5193911046426729,0.4810487905601736,0.4070371701458588,0.408581023893371,0.7119418654641329,0.4159826908468177,0.4588834943224942,0.46930738311302256,0.4554114825261695,0.4458295084871679,0.7064747477669666,0.3964697379435555,0.46111391915598576,0.6123099373744076,13273580.0,2.4316611,0.3000000000018167,0.0,0.7000000000011256,505.2224410770845,0.0,0.0,0.0,0.0,0.0,1056.1815594639352,3.7199999690055847,0.0,2.14000004529953,0.0,0.0,0.0,0.0,672.8160002861429,2.390000104904175,0.0,0.0,0.0,0.25,0.0,0.0
16,0.5515865160287118,0.30427041073633193,0.8521710745658004,0.9136126465591208,0.7695519651791289,0.6409861930997989,0.6365163908531112,0.7473206991244167,0.576606820555717,0.4705583890347196,0.607262896062948,0.48545611274020845,0.7085276815289931,0.3223815648981399,0.32154419437561327,0.7401294671140781,0.6886990999508271,0.7604241330973815,0.7084599322029348,0.7198906491371342,0.6950154144566077,0.3249184061966205,0.7056230743614014,0.6933862005225467,0.7034171928250667,0.7147800655021487,0.718303230757329,0.6933862005225467,0.6949893652156567,0.8166238033512351,0.7055034909055967,0.6939329533633195,0.7023299969545667,0.7011588857912251,0.7146854237204945,0.8056807196269461,0.3100297633498088,0.7212210815609008,0.7652937607349068,9074635.5,2.136162,0.6999999999984968,0.2999999999997108,0.0,0.0,0.0,0.0,0.0,0.0,351.9760008140812,0.0,0.0,0.0,0.0,320.8399994671428,0.0,0.0,0.0,1569.9040006542393,0.0,0.0,0.0,0.0,0.0,0.0,0.0
17,0.6031140612643798,0.4596363880436132,0.6378072515547796,0.5267246481084142,0.3440727522686177,0.07714044947041836,0.686939450758861,0.49395188254470546,0.40131430981781613,0.5336594520036211,0.4013143098272972,0.5922507480647495,0.1549634407960694,0.5585840068521398,0.5063584316811761,0.2664840950510305,0.10806627383930026,0.3063014425063598,0.195016022494127,0.1950334999959001,0.15119162616650156,0.5540763459881708,0.12668621698179772,0.11737716955433034,0.17430645242487577,0.20170532022092577,0.2046283549899856,0.11737716955433034,0.11923953417543964,0.4733684835716315,0.1290226151904659,0.16846275424173549,0.1741353048938608,0.17193657499032114,0.1287556981472536,0.45758258378622707,0.4670684792706807,0.15985435950091173,0.320541681847125,15019376.0,0.90921148,0.02814439621285264,0.6718556037903327,0.29999999999681454,319.1943263815464,2.8200000524520874,0.0,0.0,20.34167339648926,706.7339985042586,63.74000005430798,11.780000001192093,3.3600000143051147,3.6600000113248825,712.0800014883586,14.760000228881836,55.979999989271164,87.73000015318394,63.12000030092895,158.87000020220876,0.14000000059604645,1.6900000125169754,11.100000113248825,1.1800000071525574,0.2199999988079071,4.2200000286102295
18,0.6397423591730086,0.4461688304853695,0.6725576928804878,0.5223248785009946,0.38542449407339513,0.08009386703358158,0.6883435924990419,0.531527428897361,0.4247553953838474,0.561215267951625,0.42475539537256235,0.5571348756895326,0.15982326895949955,0.5130135343037789,0.4707676757702608,0.26767344202452054,0.12111251172954754,0.3075753543589957,0.2027052640140729,0.20017751544646095,0.15790253904027562,0.5117440616498059,0.1354076304087392,0.12532921092154656,0.18102580389576464,0.21099192347119938,0.20619680301255808,0.12532921092154656,0.1262441724810968,0.4788159809107487,0.13668106285531487,0.17677379968104964,0.18583941980568336,0.17916575954885366,0.1358420072630958,0.4633674195499216,0.42137318702174603,0.16508609110299774,0.32179685451766477,14490804.0,1.0859466,0.02814439621285264,0.29078975437644977,0.6810658494106976,755.2800019308925,3.0400000512599945,0.0,0.0,30.22346291374618,384.06999826453074,390.3599995523853,24.726537379806697,17.669999837875366,3.6600000113248825,253.98999999476226,0.0,10.270000010728836,108.79000021518041,63.12000030092895,181.0300003476441,2.0900000482797623,0.14000000059604645,2.549999952316284,10.570000141859055,0.0,1.1399999856948853
19,0.5236404708788792,0.37117381189057874,0.7933486443541634,0.838228263534748,0.5710378766291094,0.44572249436963585,0.7247923941585668,0.5932878211849179,0.5407478482051229,0.5407478481965142,0.5407478481671064,0.5775015998719323,0.4885997546532281,0.49559625181652983,0.46258133321380446,0.6291561340468153,0.44486387945961253,0.6599590704723012,0.5318300326702801,0.5422886237989025,0.4669388087224397,0.49128193429923195,0.48145919071028737,0.4537462785048947,0.5109367447402671,0.5672462940587564,0.5396816963821821,0.4537462785048947,0.45692062551722207,0.7483938978405169,0.46035859429882026,0.5083275547589237,0.5130370460372708,0.507373101737965,0.4923656082272551,0.7430646081616511,0.4448638794581936,0.5093335090207662,0.6649470386084284,14287712.0,2.2755745,0.3000000000037722,0.6999999999956792,0.0,0.0,0.0,0.0,0.0,0.0,802.5965688224258,0.0,0.0,0.0,0.0,764.9174317205907,0.0,2.390000104904175,0.0,672.8160002902931,0.0,0.0,0.0,0.0,0.0,0.0,0.0
20,0.6148761994672743,0.2925179313287803,0.8825788029295581,0.8960096917843082,0.7771231877435947,0.5948429096934038,0.6555318395148082,0.7651626428094203,0.5806339309038845,0.49535280301050744,0.6746630993446765,0.4953528030176268,0.6735691179034986,0.29287472862434394,0.30114884336780534,0.7056600829125331,0.6618914025756903,0.7276388493612411,0.6776342021555588,0.6886862392467917,0.6667596383429946,0.2999942091735954,0.6764002195857957,0.6613370263984113,0.6694902541252103,0.6778590616500848,0.6843331135809558,0.6613370263984113,0.6620238996608452,0.7921141702521782,0.6744607032586236,0.6624948857152352,0.674186459986333,0.6674172624032126,0.6850108313588225,0.7847779174678301,0.2732213200853859,0.6916525031944739,0.7340982652741425,8673794.1,2.2061098,0.700000000014354,0.0,0.29999999998564586,154.70999987424318,0.0,0.0,0.0,0.0,0.0,516.5460003581436,1.310000017285347,0.0,0.0,0.0,0.0,0.0,0.0,1569.9040006898026,0.0,0.0,0.0,0.0,0.25,0.0,0.0
21,0.6177374000864968,0.4574513160617633,0.6518998251490987,0.5248798214865482,0.359243570703457,0.07833920017823046,0.6863273951370595,0.5056059930158977,0.41215505551539783,0.5408966269870004,0.41215505549924847,0.5801324877026064,0.15721521377881822,0.5433672948091774,0.4948154029414957,0.2666775138438483,0.11297755268777193,0.30649148449291214,0.19763001679416686,0.19655293887339906,0.15424784974695768,0.5401017349448771,0.1299838695520227,0.12053041085687144,0.176710232731725,0.204728962581733,0.20496829108107514,0.12053041085687144,0.1220396125834597,0.47500003216474657,0.13215484157725957,0.17146815416744132,0.1781493060744242,0.17451551260142775,0.1313670849875217,0.45904616769045864,0.45244286651812876,0.16168224496933534,0.32091871338874023,14872089.0,0.98513674,0.02814439621285264,0.5718556037856463,0.4000000000015011,458.10799946981103,2.8200000524520874,0.0,0.0,26.330000318586826,624.4419996107873,113.7183222418934,16.560000032186508,11.089999914169312,3.6600000113248825,599.310000374998,12.850000262260437,29.40999987721443,102.36000014842321,63.12000030092895,161.1216781826709,0.14000000059604645,0.9599999934434891,11.100000113248825,1.1800000071525574,0.0,4.440000027418137
22,0.6194485826675209,0.35518974532222153,0.8480198985877451,0.8513825665818924,0.6503970602077467,0.41484511284200676,0.7316720173348152,0.6821928939273698,0.5559513656802592,0.5559513656906155,0.5559513656812547,0.5559513656786635,0.48908949039800914,0.4219429731271461,0.4116923623216241,0.5943056422701762,0.4682988440874262,0.6248039553501841,0.5275057605833539,0.5364973681747117,0.4802857332424524,0.42553476793843154,0.495740080462154,0.4682258474935528,0.5051095287542201,0.5462341913309847,0.5254733752491242,0.4682258474935528,0.46958514898101933,0.7249086314566439,0.4781685681315789,0.5045436624662913,0.5148289221361491,0.5022173521034893,0.5046346823105163,0.7202561940859886,0.37317772783677167,0.5165881410813573,0.6319467438429575,12423342.0,2.4152187,0.39999999999486047,0.0,0.6000000000042526,379.06616865058766,0.0,0.0,0.0,0.0,0.0,962.3958319506928,3.919999971985817,0.0,0.0,0.0,0.0,0.0,0.0,897.0880003642509,0.0,0.0,0.0,0.0,0.25,0.0,0.0
23,0.634431417349021,0.45278957918517543,0.6665585403902601,0.5237545524281113,0.3799459133618966,0.07971778828633949,0.6877397417869469,0.5266451985484385,0.42358516957468717,0.5537293099233787,0.4235851695547973,0.5624280849417276,0.15936850914543246,0.5209572444385413,0.47640515430443175,0.2675386961504296,0.11904536356133448,0.30704309375733324,0.20138949309329732,0.19948706779214354,0.15668508569357883,0.5192409052595581,0.13383282964960394,0.12407089404220799,0.17994416382709522,0.20941376924528834,0.20603026961754048,0.12407089404220799,0.1252612075494918,0.47778211050387726,0.13555706897299102,0.17546359466982064,0.18386979444353635,0.17800073788160745,0.13462163832143256,0.46257880656717,0.4288438071763138,0.16392959613980712,0.3214922955236869,14573111.0,1.0699249,0.02814439621285264,0.37185560378131427,0.6000000000058331,693.360001347959,2.8200000524520874,0.0,0.0,30.064397037648668,460.5479999857436,282.9019985868671,24.88560325604952,17.669999837875366,3.6600000113248825,345.6899997740984,5.1000001430511475,11.470000058412552,108.79000021518041,63.12000030092895,176.9600001759827,2.0900000482797623,0.9599999934434891,8.840000122785568,2.4300000071525574,0.2199999988079071,1.1399999856948853
24,0.6266498914628426,0.319519736774968,0.8707947275632341,0.8805977267929056,0.7256733355831146,0.5211540938150045,0.6864393874188368,0.7358261772923037,0.5361480920950792,0.522240085673899,0.6053745654776901,0.5222400856710411,0.601940337792149,0.344611700711192,0.34666088470049794,0.6535056608603792,0.5852919350127639,0.6795812597180639,0.6150330149852585,0.6270819893560948,0.5956496372746922,0.350966534497517,0.6024373711265067,0.5848119731082542,0.6021041432940805,0.6176877002957035,0.6212034463045052,0.5848119731082542,0.5863372642798329,0.7609092673051687,0.5982609200587649,0.5963193938786376,0.6081629809713571,0.5993150241563598,0.6120388797556472,0.7553259184913225,0.3145678794904946,0.6208764407148999,0.6869745910640388,10170899.0,2.3174045,0.6000000000084347,0.0,0.3999999999915654,220.4673513622089,0.0,0.0,0.0,0.0,0.0,672.4506490227163,3.919999971985817,0.0,0.0,0.0,0.0,0.0,0.0,1345.6320005825828,0.0,0.0,0.0,0.0,0.25,0.0,0.0
25,0.5482350272544347,0.33584786427067004,0.8320182887596534,0.9018378264368248,0.7120270888949295,0.569109379160519,0.6692378224848186,0.7151014404997825,0.5275398757729344,0.4992764801763161,0.5517422819864672,0.5168761668155936,0.6394100756624489,0.3810494995357191,0.36971756920083537,0.6969568424100019,0.6108306708873787,0.7221066015349313,0.647705371697282,0.6632689216047547,0.6240951367986594,0.3817825531564916,0.6328963060521429,0.6168718374294481,0.6382805043278085,0.6601899978488937,0.6611859192665303,0.6168718374294481,0.6191976453053595,0.7907499461923463,0.6287369259083637,0.6294684699355366,0.6372340668272691,0.6350044762550656,0.6437374880098796,0.781888930220125,0.35679275391558696,0.6527455387770226,0.7275829230593032,10798483.0,2.233971,0.6000000000002529,0.3999999999997472,0.0,0.0,0.0,0.0,0.0,0.0,474.53999999165535,0.0,0.0,0.0,0.0,422.5480003835634,0.0,0.0,0.0,1345.6320005642333,0.0,0.0,0.0,0.0,0.0,0.0,0.0
26,0.5164723681261922,0.38345268070084687,0.7946195145368466,0.8710726125750555,0.6119101068541067,0.4513873487738724,0.7175431349631289,0.6309746153155145,0.5358010456178557,0.5358010456336829,0.5358010456594747,0.5664843163760861,0.5087926126107191,0.4829113617753488,0.4540897605958503,0.6326685520769547,0.46972295126750224,0.6623579261239325,0.5484213109376141,0.5636731819497908,0.4878548239789396,0.4796940441403097,0.5074242727521129,0.4780538540784983,0.5272295846949673,0.5760543636578699,0.5567860760819288,0.4780538540784983,0.48113661550582026,0.7511775411427585,0.48604600374398194,0.5240220466925395,0.5297846776532953,0.523523510092612,0.5190560144121884,0.7429613827455716,0.4386072539127114,0.5326242785573746,0.6679278376193314,13458574.0,2.3249718,0.4000000000002357,0.5999999999997639,0.0,0.0,0.0,0.0,0.0,0.0,718.1161741898944,0.0,0.0,0.0,0.0,627.5158263732711,0.0,0.0,0.0,897.0880003763061,0.0,0.0,0.0,0.0,0.0,0.0,0.0
27,0.529907032715491,0.3677785187730289,0.8098731836551121,0.8907006733705177,0.6576415667450262,0.49091699334293637,0.6982897896871461,0.6723582872557817,0.523531123487818,0.5235311235024155,0.5235311234726894,0.5430028329949399,0.5609656420378264,0.4422989864120605,0.4205009111541369,0.6547528751268267,0.5261207289428808,0.6828523318939888,0.5857650091867662,0.6030347908808394,0.5407049167564434,0.4409223047734612,0.5569001210915637,0.5334283728197193,0.5696124549901221,0.6065607010409314,0.5970825718532771,0.5334283728197193,0.5362906613850106,0.7645462268750276,0.5433788188594159,0.563454551352093,0.5703297874498684,0.5657842415870438,0.5689698409237532,0.7559286647981638,0.4060802015025986,0.5798604700282475,0.6884010255743197,12262005.0,2.30991,0.5000000000081068,0.49999999998988603,0.0,0.0,0.0,0.0,0.0,0.0,607.8699998861712,0.0,0.0,0.0,0.0,513.4900005608797,0.0,0.0,0.0,1121.3600004879033,0.0,0.0,0.0,0.0,0.0,0.0,0.0
28,0.6269468229264196,0.45619194623995774,0.6606857403786328,0.5244351842696285,0.37201108860500426,0.07933398863070495,0.6863236809901561,0.5175812431268412,0.417878490315885,0.5474624187232713,0.41787849028589885,0.5688623596947842,0.15854364734052898,0.5294774675492353,0.4833062261142913,0.26751330824112296,0.11660090851049122,0.3074339334254621,0.19974722618472115,0.19820285704918789,0.15596250420434393,0.5272222355119428,0.13237276480968352,0.12273429123642338,0.17851668978693475,0.2079875298729966,0.20547954271333313,0.12273429123642338,0.12393730426337976,0.47707609719708804,0.1341407737665793,0.17383473099261446,0.18150960155550913,0.17658111244184468,0.13339559377700286,0.46152703047094673,0.4378731722664612,0.1630808441059828,0.3218985456767184,14708289.0,1.0354893,0.02814439621285264,0.47185560379595676,0.4999999999911907,571.6000009998772,2.8200000524520874,0.0,0.0,28.319083942873718,552.0699986517429,197.40000002087783,20.580000013113022,17.669999837875366,3.6600000113248825,465.6309162168185,10.980000257492065,14.970000058412552,108.48091531659709,63.12000030092895,166.31000019982457,2.0900000482797623,0.9599999934434891,11.100000113248825,2.4300000071525574,0.0,2.529084897391236
29,0.6222411098312985,0.3417423867391094,0.8591719302141692,0.867932762099115,0.6901225741393153,0.4648599158386769,0.7131226153362382,0.7090567522721566,0.5406060481906555,0.540606048203779,0.540606048192495,0.5406060482066936,0.5456856720935342,0.38545723085399264,0.3814282180719924,0.6217095302733028,0.526755470567401,0.6497443276331476,0.5703346315756004,0.5821480985699977,0.5381046321926914,0.39031750879944016,0.5489368031121425,0.5265250215408435,0.5522425688519013,0.5790139228995879,0.5729098601843945,0.5265250215408435,0.5280902584519518,0.7418433571345449,0.5384095386668156,0.5492439244000328,0.5600722792721475,0.5492879381045368,0.5585842547932669,0.736544523529619,0.3461048477481138,0.5688102446133643,0.6568776647200847,11384863.0,2.3814136,0.49999999999383643,0.0,0.5000000000059619,300.01540572228066,0.0,0.0,0.0,0.0,0.0,817.1745947888264,3.919999971985817,0.0,0.0,0.0,0.0,0.0,0.0,1121.3600004558987,0.0,0.0,0.0,0.0,0.25,0.0,0.0
30,0.6328981616906897,0.37341026617550904,0.7903399092485306,0.679959137974368,0.5022658370570251,0.2977449518381586,0.726537271106788,0.5831649458909852,0.5831649458862652,0.5831649459059801,0.5831649459014451,0.5831649458888631,0.34381301289111466,0.4742708278865089,0.4401333468665821,0.48102262009479274,0.3141358611033575,0.5167433464598543,0.3908491737407418,0.38264250021714963,0.3390090601030755,0.47206187561980595,0.332818115538864,0.31440845837636594,0.3676174205384821,0.4221393272061432,0.384185838557747,0.31440845837636594,0.31583381847290776,0.6448527689185493,0.32419977848024367,0.3678019415150112,0.37766666789955883,0.36533740751002625,0.33663908589334446,0.640746956575166,0.39723215469679873,0.3604511508807614,0.5258881149367242,14071211.0,2.0366385,0.09999999999793585,0.09999999999888057,0.8000000000031834,746.7164258697355,2.8200000524520874,0.0,0.0,19.396162389010904,158.85199988102937,782.6025427254939,17.710000053048134,14.699999809265137,0.0,61.91000017523767,0.0,3.370000034570694,70.6579044895737,224.27200008933517,121.85296528192943,3.490000009536743,0.14000000059604645,0.0,14.230000078678131,0.0,0.0
31,0.5584679711958653,0.40108644927251447,0.7213365566751105,0.6871970387546205,0.4366123890894356,0.2921020980136729,0.713113418696091,0.526755201472993,0.5267552014730768,0.5267552014790758,0.5267552014672833,0.6048905517834186,0.3341974950151376,0.5311919649057891,0.48127726022149653,0.47633683047184217,0.2888819218077075,0.5116872932742943,0.37922032448254134,0.3785017827147135,0.3231019023716556,0.5246065601931361,0.3185362259090436,0.2984138852769525,0.35718541384402547,0.40516968572753154,0.38477286411255884,0.2984138852769525,0.30096059515747914,0.6326294277075007,0.30731637780381565,0.35510884706090134,0.35876075857543543,0.35467953762158083,0.32431266003131365,0.6252791641669214,0.45466028448774665,0.35059103551288967,0.5208149594774966,15010225.0,1.6816443,0.10000000000075182,0.8000000000013281,0.09999999999791988,97.16411077675927,1.5700000524520874,0.0,0.0,5.9300000593066216,810.9258875876893,11.729999884963036,3.070000007748604,0.0,0.0,844.5637292436386,15.84000027179718,102.00000062584877,26.669999837896896,224.27200009564248,78.13788947017424,0.0,0.8700000196695328,12.17000013589859,0.0,0.0,7.806382869992101
32,0.5888633331993218,0.2779568653482382,0.8806495933532315,0.912804295230672,0.816883652158607,0.676814544071722,0.6176411921184551,0.7870096675996279,0.6092240309242043,0.4773474290308497,0.7470926173122904,0.4773474290379021,0.7472741482749166,0.2616714179557031,0.2719772285747122,0.7612178984747308,0.7380667330077106,0.778848317214683,0.7402367485372366,0.7504778787561358,0.7387619887108152,0.2673108055406139,0.7488913322570467,0.7392078082314513,0.7382849621435215,0.743656567256015,0.7493817482699761,0.7392078082314513,0.7394940557376622,0.828937763793675,0.7524845195265751,0.7287226395994658,0.7393614810245267,0.7368320491816766,0.7565770614960017,0.8199620430109067,0.25538287439034957,0.7614593506836401,0.7846046815485027,7141702.9,2.1285256,0.8000000000027071,0.09999999998905214,0.1000000000082407,72.81999945662908,0.0,0.0,0.0,0.0,132.27999959891096,150.4420006505806,1.010000005364418,0.0,0.0,91.99200047071452,0.0,0.0,0.0,1794.1760007576765,0.0,0.0,0.0,0.0,0.0,0.0,0.0
33,0.5963553719043402,0.3146493772550556,0.8654624730851744,0.905556670397843,0.7630809551190738,0.5841913724744489,0.6590216788090982,0.757320366037066,0.5637406065210244,0.5109971547333696,0.6662670525211619,0.5109971547363255,0.662498255469182,0.32908492978294496,0.3312547193440489,0.7039417609746382,0.6486791471831838,0.7271453821792346,0.6673311783348028,0.6796301127671048,0.6520976495636291,0.333623304704802,0.6641731195283992,0.649786533368633,0.6589972380757025,0.6742639611631458,0.6747349568238376,0.649786533368633,0.6508088222593448,0.794257759140491,0.6625953794053495,0.651213392158105,0.6624170647129761,0.6565842064007619,0.6736734601620732,0.7868310885785953,0.3096377141869176,0.6799176159629726,0.7334997569455571,8892209.0,2.285512,0.700000000014379,0.09999999998998393,0.19999999999563708,117.54110507557003,0.0,0.0,0.0,0.0,155.51200032015197,329.9928950971859,1.010000005364418,0.0,0.0,68.75999975210698,0.0,0.0,4.225974612591188e-11,1569.9040006898588,0.0,0.0,0.0,0.0,0.0,0.0,0.0
34,0.6218653153070955,0.3845263302557469,0.7833860555117483,0.6846077762288011,0.5007147665220691,0.29629914356232145,0.7252895940518717,0.5827805602478648,0.5827805602459519,0.5827805602278926,0.5827805602425843,0.5827805602489111,0.3413407257491405,0.4804824086080121,0.44454692957490316,0.4812236529701094,0.3106842109086744,0.517073292866705,0.3893943966837897,0.3816054583101174,0.335381325279319,0.4776429391812926,0.33041015891539516,0.3115350087281425,0.36610334795881816,0.42112235802189546,0.382979586353553,0.3115350087281425,0.3131943505027158,0.6449262021595146,0.32109962658091246,0.36621604480296016,0.3757606946854395,0.3638093489975347,0.33462766160831914,0.6408639609332414,0.4032828145483625,0.35816155650071557,0.5262228303857547,14256299.0,2.0221845,0.10000000000187419,0.1999999999926903,0.7000000000073927,722.5169634879775,2.8200000524520874,0.0,0.0,19.56037242232283,281.7148733586512,584.7424133227453,17.710000053048134,14.699999809265137,0.0,156.41912680156364,0.0,10.270000010728836,73.76000022888184,224.27200009817267,123.27425118551827,1.9500000476837158,0.14000000059604645,0.0,8.870000064373016,0.0,0.0
35,0.5661608270191658,0.3675548930849958,0.7955382174824688,0.7726389949234147,0.5374138700909905,0.42240978361386167,0.7156461644795687,0.5718503356102165,0.5718503356161471,0.5718503356184094,0.5718503356395097,0.5718503356166295,0.45672969781994155,0.4825351852250108,0.44527398915382327,0.592708422847509,0.420456916273635,0.623175974888917,0.5008558363939183,0.5024183842105883,0.43982723920145333,0.47712326281571465,0.4500845251661558,0.427596503543978,0.48118186290045944,0.5288259022705443,0.5034971499994682,0.427596503543978,0.4293945609338164,0.7216025416780588,0.4346323150065234,0.4794623116818727,0.48482619738257593,0.47874253622874846,0.45702526740393296,0.7191385312921514,0.4204569162754337,0.4777098975403112,0.6277630566543406,14595689.0,2.2512448,0.1999999999927472,0.6999999999959227,0.10000000000488751,167.20428644196636,1.5700000524520874,0.0,0.0,2.380734483786422,754.2785535678147,27.789999887378492,0.04697885070003942,0.5400000214576721,0.0,749.9654464585184,15.84000027179718,33.530000030994415,8.550000011920929,448.5440001716451,16.190000355243683,0.0,0.7300000190744206,10.760000109672546,0.0,0.0,4.800000190734863
36,0.5728398769131161,0.40397044941584515,0.7401813684568815,0.6918056568808337,0.4659785008569911,0.2943646761737043,0.7186087726745365,0.5505748983814572,0.5505748983954654,0.5505748983845759,0.550574898385039,0.5899627852493898,0.33720790096983927,0.5110734899859406,0.4652400638337241,0.4764612180529031,0.29790908965242247,0.5113139743059741,0.3833167781049884,0.3806501181892978,0.3280345955604541,0.5056056288292864,0.3239049098384522,0.3047437932625335,0.36132171105512795,0.4090224812431185,0.38469982918277734,0.3047437932625335,0.30704021641834817,0.6352854733471764,0.3140635748976842,0.3597938313746332,0.3651267149878365,0.358865848962169,0.32898510434219214,0.6299349335316483,0.4349388555607641,0.3537035132623717,0.5204405952697558,14731676.0,1.818679,0.10000000000167891,0.6999999999959156,0.2000000000024054,224.27185618382015,1.5700000524520874,0.0,0.0,6.455837788201535,761.2899982035244,40.938000054050235,4.020000025629997,2.1100000143051147,0.0,715.9123071089335,15.84000027179718,58.66169470360017,65.58830550501608,224.2720000977181,102.3400005698204,1.25,0.8700000196695328,11.67000013589859,0.0,0.0,5.660000205039978
37,0.583448274955387,0.3207669898976625,0.8584533552548489,0.90877851977016,0.7609483803832121,0.5905027683451504,0.6538982392763742,0.7567461240239536,0.5616055105440387,0.5103554042472824,0.6498183960083964,0.5103554042447028,0.6677268588811073,0.3316090579868111,0.3328463971328245,0.7079606327368356,0.6522432031630546,0.7310924304515792,0.672031856339347,0.684519195106618,0.6563004217754912,0.33541768498573676,0.668943433281025,0.65459724490296,0.6644733790677513,0.6798207735831368,0.6805810841580328,0.65459724490296,0.6556805298389012,0.7970046910188535,0.6673516979921436,0.6558947299388795,0.6665990400110392,0.6620360690936027,0.6783393703349563,0.7882117452070796,0.3146618837791025,0.6848321670812685,0.7371742207451254,9010037.3,2.2768931,0.7000000000047821,0.20000000000072593,0.09999999999403217,91.9299997985601,0.0,0.0,0.0,0.0,273.2034416500432,131.33200027709614,1.010000005364418,0.0,0.0,175.34055853947496,0.0,0.0,0.0,1569.9040006683356,7.963915390841066e-12,0.0,0.0,0.0,0.0,0.0,0.0
38,0.6215141627917855,0.3586126277456668,0.8313054387982317,0.7749751429136862,0.5633873910745336,0.3849508501831322,0.7358875288962649,0.6110440830326771,0.5860724831556428,0.5860724831513018,0.5860724831591261,0.5860724831465904,0.42981521085374824,0.4671671021289554,0.4401500676482395,0.5709802405326192,0.40153369333711947,0.6018475922152816,0.47895546814739726,0.4789326842449076,0.4169479310842886,0.46564950811386235,0.42720072498012335,0.40218512628300357,0.4566621941450954,0.5149162354468083,0.4755835213663613,0.40218512628300357,0.4037890384562638,0.7104784091696684,0.40988476916518696,0.45684223867675633,0.46644437557398194,0.4540685542215401,0.43392150683083186,0.7076753121700212,0.40153369332805827,0.4522908249605653,0.608748814910967,14072585.0,2.3722805,0.1999999999981555,0.09999999999809747,0.69999999999816,657.351271215618,1.5700000524520874,0.0,0.0,8.820000171661377,163.83856020671317,829.771628366267,10.14492947675419,8.38999992609024,0.0,60.4334398830584,0.0,0.0,4.871353155678548,448.5440001837606,40.74481827952228,3.490000009536743,0.0,0.0,4.750000000008665,0.0,0.0
39,0.6016112317353063,0.3368400708682063,0.8578705508522183,0.8928144977135253,0.7216896467515049,0.5231501012358117,0.6859226923970225,0.7295330986905262,0.53515921653048,0.5351592165203759,0.6101305535552759,0.535159216523876,0.603382167697641,0.37327112094174975,0.3687166699047301,0.6612773752125375,0.5836643976499811,0.6873287663777066,0.6183662585611557,0.63205703518567,0.5921990495439122,0.37679189864687224,0.6036278966458913,0.5846536543997345,0.6059553105781498,0.6241473714667088,0.6259912260467846,0.5846536543997345,0.5861703606947063,0.7679068659700631,0.5970812441439638,0.5996886603883292,0.6105293226493601,0.6030793350543806,0.6136224924530536,0.7626379258319831,0.34315599840117994,0.6217830614926039,0.6945816647702283,10451457.0,2.3771065,0.5999999999877175,0.10000000000650248,0.2999999999950519,178.96798630181013,0.0,0.0,0.0,0.0,164.8320000512681,492.8380139640237,1.010000005364418,0.0,0.0,59.440000057259546,0.0,0.0,0.0,1345.63200053612,5.533594196314529e-12,0.0,0.0,0.0,0.0,0.0,0.0
40,0.6143983266178562,0.39165142647897205,0.7790622475091257,0.6857673761013996,0.49919051508282347,0.29765359773611955,0.7223300640517722,0.5824623969533562,0.5824623969499371,0.582462396952855,0.5824623969502746,0.5824623969488861,0.34191494200587785,0.47953650486531885,0.44195796499094064,0.48201296021876533,0.3104272855239519,0.5176838675518689,0.3904547827018502,0.38329326138839914,0.33517184864853367,0.4762513284853262,0.33134878721852573,0.3120052183798506,0.3673356428694961,0.42120002702110576,0.3848408011617067,0.3120052183798506,0.31355365007893865,0.6454548844812115,0.32129235392555544,0.36734000497050096,0.3763283602810702,0.3651380644844002,0.3354591518315311,0.6409969613188945,0.40230506195763854,0.35911707671435017,0.5268965677156757,14327257.0,2.0144707,0.09999999999783539,0.29999999998840016,0.6000000000141389,691.1297663875533,2.8200000524520874,0.0,0.0,19.277961872901173,407.0587151730285,396.6342333701998,17.710000053048134,14.699999809265137,0.0,247.21728495725992,0.0,11.470000058412552,76.35316440941509,224.27200008910108,125.06687464337831,0.0,0.14000000059604645,6.930000066757202,1.9399999976158142,0.0,0.0
41,0.5894957730756765,0.4036570339545501,0.7552328091923513,0.6889398850413043,0.4809553775379293,0.29485688125278037,0.7187558032789504,0.5652514489382238,0.5652514489282796,0.5652514489427026,0.5652514489122329,0.5768724887276355,0.3384815607336304,0.49653256809359775,0.45382026424215155,0.47622529325954993,0.30292989107772805,0.5114635524654751,0.38583451148145537,0.38120733074180185,0.329699178987198,0.4917890103788649,0.32667394224465335,0.30762487029285224,0.3634395368898818,0.4122936810946798,0.3838285690262084,0.30762487029285224,0.30950597432275656,0.6378798138907357,0.3168004245382544,0.3624844055372792,0.36906769525800653,0.36107111067325104,0.331142933715204,0.6325285708476587,0.4208242447350962,0.35508631565808596,0.5207077971977381,14592508.0,1.9069979,0.09999999999897226,0.6000000000059563,0.29999999999507143,363.38968978200785,1.5700000524520874,0.0,0.0,14.94107098659763,670.9435914954418,89.49000002455072,8.480000123381615,8.119999885559082,0.0,616.8899999857744,14.848409063025938,29.549999862909317,80.265238877865,224.27200009163943,105.31000053882599,1.25,0.8700000196695328,11.67000013589859,0.0,0.0,0.8600000143051147
42,0.5738309752615232,0.34999099848889814,0.841832385770291,0.9011415614524524,0.7160243480707069,0.5281549035809854,0.6764958574184973,0.7249637630549967,0.537527408563239,0.537527408567169,0.5590338308372067,0.5375274085715889,0.6066400637064148,0.3862146842380203,0.37742676864350116,0.6694216477092902,0.5834074176997488,0.6948003320744591,0.6205385975423332,0.634913638772705,0.5933490293919629,0.3881611261321673,0.6056651405993166,0.5865036674357411,0.6082110432999976,0.6324824593258139,0.6286114203493711,0.5865036674357411,0.588314853937426,0.7727103428447272,0.5983055799029868,0.6012712298209951,0.6108801672277638,0.6051109570941413,0.6160976464349129,0.7652390505606572,0.3579414359763722,0.6238503038597067,0.7012756899040664,10680907.0,2.3720912,0.6000000000019154,0.2999999999994165,0.10000000000020563,103.2064135992069,0.0,0.0,0.0,0.0,416.40600087982426,120.05558649020728,1.010000005364418,0.0,0.0,256.40999940052006,0.0,1.818445795897026e-10,0.0,1345.632000567962,0.0,0.0,0.0,0.0,0.0,0.0,0.0
43,0.5485612478680513,0.38388944073222725,0.8065927689488215,0.842392677899465,0.587459115680719,0.43084557814854574,0.7283845276877908,0.6105710233465428,0.5792803909613634,0.5792803909652584,0.5792803909709967,0.5792803909748345,0.47543560421267617,0.49151126206941576,0.46136196921984474,0.6176705045465812,0.438841017064401,0.6475762136093767,0.5212648492343073,0.5303255445649914,0.45687430760964176,0.48813182178630643,0.47313744938489477,0.4447806495019965,0.49921193892569143,0.5586029103354471,0.5242291760138219,0.4447806495019965,0.4476674891946909,0.7395682076414786,0.4514320752485428,0.4981074641816341,0.5041218484230132,0.49599060639250997,0.48307835169160146,0.7361316423510472,0.4388410170717519,0.4983914368607024,0.6532414192482662,14130366.0,2.4158322,0.3000000000005961,0.6000000000182588,0.09999999998114492,170.02199994729048,1.5700000524520874,0.0,0.0,1.2200000286102295,699.59267198079,49.960000023304886,1.5,0.0,0.0,643.6493285190372,0.0,2.390000104904175,1.1124774957015575e-13,672.8160002831701,0.0,0.0,0.0,0.0,0.0,0.0,0.0
44,0.6087016909557538,0.37513057030759484,0.8360696407183207,0.8337582255115162,0.5995657723486368,0.38689519554708174,0.7455780373525598,0.6445904667998995,0.579653550959982,0.5796535509717766,0.5796535509912278,0.5796535509674838,0.4451588479839684,0.4741432929491824,0.45202092109832687,0.5858626418398944,0.41592287320702553,0.6180936416230983,0.49341144813662485,0.5008002131928718,0.4326192045695189,0.4744779299453134,0.4467520870969754,0.41694020016793215,0.4689974598528742,0.5304424953802308,0.49195092936204715,0.41694020016793215,0.41909739517576644,0.7204626671709714,0.4252601513368227,0.46904270149714977,0.47874549378296904,0.4655799075209981,0.45649919215692925,0.7171252110452783,0.4159228731989125,0.47121678560264874,0.624677577661198,13630881.0,2.4821844,0.29999999999398236,0.09999999999285246,0.6000000000178795,475.60049194318475,1.5700000524520874,0.0,0.0,1.2200000286102295,161.30463257243667,860.3215084436574,2.5799999833106995,0.0,0.0,62.96736750555116,0.0,0.0,0.0,672.8160002684951,2.390000104906656,1.9500000476837158,0.0,0.0,0.0,0.0,0.0
45,0.6071858426933806,0.395417216692158,0.7740899834049987,0.688068479273018,0.49910057674581554,0.29833791859924097,0.7211568465566661,0.5804455681434157,0.5804455681406201,0.5804455681508446,0.5804455681640747,0.5804455681455264,0.3426678659612717,0.4806941938522408,0.44191768347455596,0.48168225395152575,0.3101355569098308,0.5165985798088691,0.3909453476637102,0.38397635407934044,0.3353031934609661,0.47703392619358415,0.33182075648233234,0.31234700036041657,0.36795342822782273,0.4205427707584494,0.3854370916802415,0.31234700036041657,0.31395163076963484,0.6446350695851657,0.3213078474231397,0.36792910157919245,0.37618364429136564,0.365801838777755,0.335866600632471,0.6401350706689687,0.4042658684977177,0.35920177407673476,0.526002728381212,14345766.0,2.0008406,0.09999999999869023,0.40000000000572267,0.4999999999955862,612.0458715256125,2.8200000524520874,0.0,0.0,19.417288896111177,492.309998840678,253.60326411698102,17.710000053048134,14.699999809265137,0.0,376.1580012004936,6.180000185966492,11.470000058412552,80.31000018119812,224.272000091007,120.75357582593907,0.0,0.8700000196695328,10.100000083446503,0.0,0.0,8.574480158503532e-11
46,0.5993256756214591,0.3616378469116155,0.8467146208054791,0.879126455056881,0.6798863846096095,0.4595489155053929,0.714091339033173,0.7018110020909181,0.5556752533296324,0.5556752533296231,0.5556752533221128,0.5556752533287755,0.5366646549395419,0.42037219829101163,0.4082334773134669,0.6276471583130235,0.5136086955964141,0.6551469151525002,0.5662268237793134,0.5793016741328242,0.5233432298444926,0.4223903285179875,0.5386557010369296,0.5145035950647238,0.5466154217150188,0.5829546710656492,0.568482971453101,0.5145035950647238,0.5166486144331582,0.7480024252887224,0.5248642966545086,0.5438216658265151,0.5538095719689585,0.543161186820131,0.5496051654097595,0.7429988631666906,0.3795913185391304,0.5590193991165472,0.6619475207943257,11757972.0,2.4557363,0.5000000000045635,0.09999999998716534,0.4000000000119985,262.0067066254948,0.0,0.0,0.0,0.0,167.28200023454576,633.3812937742695,1.7000000029802322,0.0,0.0,56.989999830738306,0.0,0.0,2.1461424789638013e-11,1121.3600004799564,0.0,0.0,0.0,0.0,0.0,0.0,0.0
47,0.6017916032577617,0.39563173297787496,0.7669797608782042,0.6888279219977335,0.49233847126606917,0.2966992446895248,0.7219132257896022,0.5765438606299221,0.5765438606439373,0.5765438606366666,0.5765438606454878,0.5765438606325419,0.34111228389672216,0.48673174491561216,0.4463626027936848,0.47903872008730347,0.30725148756113824,0.5144511909654124,0.38872777173360745,0.3827189190860196,0.33353151584920093,0.4824991242451438,0.32968654652146395,0.31041327355385767,0.3659116478601136,0.416817773901033,0.3845649123508272,0.31041327355385767,0.3118277923634698,0.6420566501956708,0.3193589912576088,0.3655576755232319,0.37331395228602277,0.3637657387876189,0.33377660326555153,0.6367534332551283,0.4104986753484261,0.3572876310955689,0.5236509331508468,14447313.0,1.9664892,0.10000000000058673,0.4999999999998773,0.40000000000233105,487.88793907830365,1.5700000524520874,0.0,0.0,18.878959993823624,588.4709296674505,164.41166813982136,13.430000081658363,14.699999809265137,0.0,492.459070273304,12.06000030040741,14.970000058412552,80.67000019550323,224.27200009528036,114.28943303057062,1.25,0.8700000196695328,11.67000013589859,0.0,0.0,0.8600000143051147
48,0.5992389628324034,0.374676328531846,0.837220129787022,0.8605877011910218,0.6408704383027728,0.41252866549428974,0.7342844812590199,0.6732964261867356,0.5712963086858154,0.571296308696634,0.571296308729217,0.571296308692456,0.4845896923584694,0.45608776649252103,0.438203597738229,0.6005743615995778,0.4587882100907621,0.6307330280943162,0.5243414386674108,0.5348728949304133,0.4722155624261263,0.45736177358041896,0.4880433035937167,0.4598608661786729,0.5008772084084476,0.549176540693844,0.5233078629821107,0.4598608661786729,0.4620350894570934,0.7314760833142503,0.4688639220765787,0.5002100114378151,0.5097286127707956,0.4974132874413703,0.49865859355351594,0.7272682861043462,0.4062229142487069,0.5099377183735909,0.6373458272365589,12838916.0,2.493402,0.39999999999230296,0.09999999999098647,0.5000000000155334,353.31516745666414,0.0,0.0,0.0,0.0,167.53200024304513,765.4648330648675,2.5799999833106995,0.0,0.0,56.73999983075419,0.0,0.0,0.0,897.0880003585152,0.0,0.0,0.0,0.0,0.0,0.0,0.0
49,0.5541389284480643,0.37695584341087895,0.8243105279618061,0.8914376739354571,0.6664928625619354,0.46591994617005805,0.7097525757481763,0.6846730739450039,0.5615200533524082,0.5615200533713878,0.5615200533937145,0.5615200533616413,0.5389276095075559,0.4442135362006056,0.4251702342753311,0.6340098918367634,0.5094506637783386,0.6603702719341957,0.5697437087023395,0.5848326372657423,0.5208462164140644,0.4439941542817627,0.5389367331040379,0.513604540314003,0.5502747562140207,0.5877511608978655,0.5744480448013598,0.513604540314003,0.5160641235646751,0.7503839690012417,0.5223176489271661,0.5469161599398347,0.554500978841074,0.5466920240987091,0.5503575794936403,0.7444739780455693,0.40476725814836684,0.5598878339415554,0.6670861402147426,12170075.0,2.4455109,0.5000000000039992,0.39999999999447833,0.10000000000121478,118.04699040607699,0.0,0.0,0.0,0.0,541.8480006221642,104.74000038213566,1.4850093084517981,0.0,0.0,355.239999741316,0.0,0.0,2.5423128188238323e-11,1121.360000478691,0.0,0.0,0.0,0.0,0.0,0.0,0.0
50,0.5430294445946335,0.39706125454388547,0.8069550527344035,0.8728227211854568,0.6201279749600543,0.42262756532158147,0.7307074569676458,0.645501491266997,0.5804178252256879,0.5804178252165415,0.5804178251996263,0.5804178252305994,0.4861096302932226,0.4875104484042695,0.4606903784065908,0.6123507400198732,0.45141268141561236,0.6413762649514682,0.529184582620089,0.5422529721317303,0.46810749764467413,0.4853551686639423,0.4878159136358754,0.4567268641386754,0.505216229185211,0.5557008951770894,0.5314949453995489,0.4567268641386754,0.45966009373995537,0.7360002220799085,0.4644200287633283,0.5042127635714484,0.5109157538412094,0.5016392702583865,0.49906064336041517,0.7313817209747487,0.43892918537826203,0.5115471526013179,0.6478494633176147,13333652.0,2.4819493,0.3999999999991585,0.500000000005309,0.0999999999955325,137.4196143004085,0.0,0.0,0.0,0.0,647.9399998937258,85.35238578380121,1.5,0.0,0.0,473.42000058796725,0.0,8.813879951626264e-11,0.0,897.0880003741271,0.0,0.0,0.0,0.0,0.0,0.0,0.0
51,0.5860055144837437,0.3442996619759292,0.8485612217160218,0.899185694612666,0.719659598471272,0.5244001246295933,0.6848001829313678,0.7275955742965571,0.5359257065124744,0.5359257065221611,0.5649284030044808,0.5359257065130906,0.6051185063922196,0.3851403001448406,0.377676692191318,0.6668312778116307,0.5846908827223738,0.6922365623907326,0.6183099904035348,0.6322638750271228,0.592413400168804,0.3876064473514762,0.6046254927738832,0.5867221447356887,0.6056484022567545,0.6304494616881468,0.6254986999804711,0.5867221447356887,0.5882693059742699,0.7716326383094968,0.5985786126781695,0.5991733042744842,0.6092818167040588,0.6026249530355696,0.6149890321794277,0.7656222692106953,0.3559740856919848,0.6225538085667842,0.6989737569638856,10605649.0,2.3846555,0.6000000000020478,0.1999999999945852,0.20000000000336704,141.39512313444442,0.0,0.0,0.0,0.0,275.87924890191664,306.1388770557162,1.010000005364418,0.0,0.0,172.66475127435913,0.0,0.0,4.049851579452324e-11,1345.6320005682587,2.2712391966852546e-11,0.0,0.0,0.0,0.0,0.0,0.0
52,0.5754490968740356,0.3734561774401671,0.8053884122204112,0.7764663815331478,0.5476155164284701,0.41446710374338996,0.7219933732523405,0.5836741654295176,0.5836741654374643,0.5836741654322226,0.5836741654619854,0.5836741654270923,0.4509928513681902,0.48034699871208847,0.4448405172301551,0.5898091514652517,0.41751787067450274,0.6200294547115578,0.49676273031087154,0.497910776242061,0.43514683805088533,0.47583541263010654,0.44560409766851033,0.4229171478309079,0.47650077151942344,0.5280357220324231,0.49748831711965713,0.4229171478309079,0.42477761973970574,0.7210013072944006,0.43019354067675036,0.47511602178651835,0.48162441838181363,0.47393486925374123,0.4527030562040642,0.7190134900323136,0.41751787068421753,0.4725143840820206,0.6255379217058645,14530751.0,2.3113365,0.19999999999509824,0.6000000000000852,0.2000000000065288,315.0557536604003,1.5700000524520874,0.0,0.0,8.32303421064002,659.3794049589695,76.90377081605368,2.250000014901161,4.659999907016754,0.0,649.9525953545701,14.760000228881836,12.349999964237213,13.081441195360163,448.54400017689545,26.70000034570694,0.0,0.0,9.190000057220459,0.0,0.0,0.0
53,0.6098278702041119,0.36497108863252015,0.8263783926820756,0.7771151133267743,0.5650167136743699,0.39612269856471033,0.7322397167453143,0.6053232801316111,0.5884614221592914,0.5884614221460129,0.5884614221588967,0.5884614221566064,0.4383014145575312,0.472727327908012,0.4439605540593963,0.5793434319978175,0.40835640366231646,0.6100460909171308,0.4866272313577342,0.4863145594451325,0.42463115318957756,0.47019263476254464,0.43442721011913576,0.4096601277278964,0.46445848828957115,0.5224127803856646,0.483069911435355,0.4096601277278964,0.41138783199176177,0.7167093403821444,0.41696192808583454,0.46463973498527794,0.47380331372685935,0.4619521516815744,0.4412610321952089,0.7143859683914284,0.40835640366199144,0.45958064128145887,0.6168280421200534,14228380.0,2.3796218,0.19999999999894347,0.20000000000736354,0.5999999999907769,642.3553141517839,1.5700000524520874,0.0,0.0,9.9079918927626,279.60999861359596,612.7876404741744,10.510000005364443,8.38999992609024,0.0,168.9340015908466,0.0,0.0,7.230000138282776,448.54400018553196,42.64000070095062,3.490000009536743,0.0,0.0,6.751053191677389,0.0,0.0
54,0.5631945397010277,0.38777014149386085,0.8143479506173797,0.8438966369003559,0.5938396407766006,0.42099399731560405,0.7285152959437504,0.6188689672097833,0.5834546645122985,0.5834546645066117,0.5834546644801258,0.5834546645193942,0.4683391814284262,0.48953137297617805,0.46075490789015094,0.6118091268475278,0.43507243500189846,0.6419856496510077,0.5154929809883068,0.5233755371988346,0.4512358057809364,0.4866454561767056,0.46776719302534847,0.43949744530549956,0.4925357197195642,0.5541487263868841,0.5158740660892217,0.43949744530549956,0.4421806346886472,0.7366858970894449,0.4462082549101776,0.49201343927722735,0.4988511598679892,0.48923661703488236,0.4777620419135596,0.7329172326631104,0.4350724350014903,0.4926645729764282,0.6476851886763456,14067839.0,2.4575768,0.29999999999472177,0.4999999999966793,0.19999999999927084,281.73486330941637,1.5700000524520874,0.0,0.0,1.2200000286399946,638.0356862927005,153.12913645245217,1.5,0.0,0.0,483.3243141700496,0.0,0.0,8.440483403394664e-14,672.8160002700404,7.440000295639038,1.9500000476837158,0.0,0.0,0.0,0.0,0.0
55,0.5690489819574155,0.3777368826446581,0.8318214869253191,0.8889280863595737,0.6701050944164486,0.46143005473584253,0.7151671548470698,0.6892026759364444,0.560434761375339,0.5604347613705123,0.5604347613762732,0.5604347613753051,0.5361242705192418,0.4430382985828494,0.4252702773341036,0.6307726349961221,0.5100265272559665,0.657914237108874,0.5664206117936224,0.580020907664425,0.5194709343591355,0.4431744395627763,0.5369486544602219,0.5129247372215314,0.5468562144310523,0.5854340293575877,0.5692765157251315,0.5129247372215314,0.5150934488762795,0.7504287511384282,0.5218951045363588,0.5438956902550605,0.5521792040581894,0.5433632315990142,0.5480904684011283,0.74443727513005,0.40245947329533704,0.5575509737000274,0.6647464937729155,12106310.0,2.4713402,0.499999999992479,0.30000000000090243,0.20000000000661874,196.08829161287363,0.0,0.0,0.0,0.0,427.84600138780445,250.95570858989834,1.5,0.0,0.0,244.9699988961815,0.0,0.0,7.432872579504967e-11,1121.360000453079,1.5165073101034196e-11,0.0,0.0,0.0,0.0,0.0,0.0
56,0.598538803876619,0.37532499625299975,0.8216382310730059,0.777980191217289,0.5604190481026418,0.40160570469485163,0.7278461219669635,0.5991227684250714,0.5894364414120721,0.5894364414044533,0.5894364413805451,0.5894364414035089,0.44092812578091856,0.47466465127433516,0.4437565365709434,0.5847544526399518,0.41062185735107315,0.6159469303562526,0.48951875322434557,0.48931899642312837,0.4265621698478107,0.4712821605373292,0.43759518117061164,0.4132366329840431,0.4680138862076866,0.5265149230533608,0.4869478352281278,0.4132366329840431,0.41493056366373526,0.7206769426168385,0.4205773769605997,0.46773382855270074,0.47623281861198086,0.46559132368876516,0.4444713083134181,0.7172883265858297,0.41062185735305495,0.46366175867491644,0.622046956805424,14346211.0,2.3750941,0.19999999999804266,0.2999999999970028,0.5000000000049548,603.0586209247351,1.5700000524520874,0.0,0.0,10.160000205039978,411.64600091419885,426.6239976214413,10.209999993443489,8.38999992609024,0.0,259.6299993991852,0.0,1.5399999618530273,9.610175692890165,448.54400018349895,42.85720595030071,1.9500000476837158,0.0,0.0,6.930000066757202,0.0,0.0
57,0.5807239696639356,0.3696521801254554,0.8383331407084925,0.8862612490537691,0.6763031630287466,0.46050797362860263,0.7140346289982905,0.6960720305856247,0.5591408152222218,0.559140815235613,0.5591408152042814,0.5591408152374544,0.5368905720156264,0.4350087467242164,0.41972825460289226,0.6295423189078145,0.5126586718254258,0.6561604215286712,0.5665271171822002,0.580166642402192,0.5216981783746636,0.4360635685508945,0.5383293398369098,0.5144555912270484,0.5467993192836696,0.5848403487474335,0.5689679310973205,0.5144555912270484,0.5166422129756565,0.7487636242320094,0.5239895822421163,0.5440275236316753,0.5531173646147518,0.5432830726085407,0.549624711408561,0.7441069704556152,0.3941532536684333,0.5587187373990232,0.6628117569888922,11980113.0,2.4687779,0.49999999999677885,0.20000000000496565,0.29999999999788984,240.49852821554305,0.0,0.0,0.0,0.0,305.98400091185295,430.61747205867493,1.7000000029802322,0.0,0.0,142.55999928718109,0.0,0.0,1.250066147148779e-11,1121.3600004624977,0.0,0.0,0.0,0.0,0.0,0.0,0.0
58,0.5892259997665794,0.3741939993653747,0.8138532229106155,0.7768221703428663,0.553572888081115,0.40860385505314567,0.7215138734566038,0.5905489790082641,0.5900100954584352,0.5900100954579724,0.5900100954468644,0.590010095465212,0.4456168628033871,0.4777599759541098,0.4437304567880394,0.5876631217129291,0.4141545412858462,0.6183393652856273,0.4928746557800803,0.4926674812237992,0.4312143102547704,0.47341016707946426,0.4417527338296595,0.4182801794922382,0.47220067279763617,0.5275592866448128,0.4914469526924486,0.4182801794922382,0.4201589152767157,0.7216708963165731,0.4259345527354994,0.47132505108837,0.4787676820840896,0.4697153960178048,0.44874702245077824,0.7188296960192827,0.4141545412841205,0.46833797161229235,0.6238276107670605,14449998.0,2.3518373,0.20000000000068244,0.5000000000166384,0.2999999999826794,431.0855789051609,1.5700000524520874,0.0,0.0,10.350420657146081,603.5653423288645,171.05000014616078,6.269999995827675,8.38999992609024,0.0,494.56465786124403,10.980000257492065,3.060000002384186,8.880000114440918,448.54400018944466,33.27000039815904,1.9500000476837158,0.0,9.190000057220459,0.0,0.0,0.0
59,0.593831097044477,0.3812143136184372,0.8291941118945568,0.8391016591470156,0.6011281400201899,0.40124432749537203,0.7403262272139541,0.6398120716416487,0.5839566407549712,0.5839566407523261,0.583956640739155,0.5839566407625939,0.45580394411372666,0.4817995652499654,0.4577071814640644,0.595709515696658,0.4252713523870769,0.6268053853024684,0.5036260796835513,0.5109241581734211,0.4419047233895051,0.4808925358914516,0.4564813039408853,0.4271227958383246,0.47958462867425666,0.5401314645481262,0.5021445374984461,0.4271227958383246,0.42934209822637037,0.7268129290402958,0.4345197006258995,0.4796662221195205,0.4884146372642001,0.4762425146957513,0.46624709734788666,0.7234333241149757,0.42527135238567165,0.48066226442618487,0.6335284803281348,13810453.0,2.4932914,0.3000000000018519,0.20000000001676965,0.4999999999898826,458.38885654649675,1.5700000524520874,0.0,0.0,1.2200000286102295,311.3299984782934,649.0367882950147,1.800000011920929,0.0,0.0,137.21400174730528,0.0,0.0,2.9264501962866783e-13,672.8160002859864,7.394355464915066,1.9500000476837158,0.0,0.0,0.0,0.0,0.0
60,0.5584865064757814,0.39661961237484716,0.8147779936109611,0.8713204870848471,0.6267056959358509,0.41682912186372634,0.7327080170918564,0.6538934392855108,0.5806562323977923,0.5806562324057608,0.5806562324223451,0.580656232398357,0.483072137016589,0.4862749838580344,0.4608112395140663,0.6089323612834363,0.45193288904709483,0.638482344730415,0.5269939622875949,0.5399329567338593,0.4645735389604358,0.48423236802916136,0.4859189963870073,0.45584869631485575,0.5032278442367559,0.5546951941073486,0.5283074458058402,0.45584869631485575,0.4583174454857469,0.7364643953002635,0.46338255482287677,0.5023211509018566,0.5098289621578035,0.4996103570900051,0.49706883343164643,0.7313813546923312,0.4369932958734457,0.5088626398814747,0.6451418266173833,13279400.0,2.513666,0.40000000000165337,0.3999999999962301,0.20000000000184823,216.9239991441952,0.0,0.0,0.0,0.0,555.3099991679192,230.1200010478886,1.5,0.0,0.0,341.7780011995298,0.0,0.0,0.0,897.0880003794855,0.0,0.0,0.0,0.0,0.0,0.0,0.0
61,0.5813196427184409,0.38488531491613487,0.8270798915516437,0.8669593977558803,0.6356256220923918,0.41446444727464493,0.7363573925366991,0.6667344152045589,0.5780417220894705,0.5780417220883054,0.5780417220895289,0.5780417220952783,0.4849484399229314,0.4737822128309464,0.45170575530204726,0.6051748761400227,0.4561951300515066,0.6343545218932943,0.5253823062742575,0.5373230664641229,0.4702189112150202,0.4734599389153666,0.48718706146810437,0.45831558497855923,0.5015385072683347,0.5523811619925908,0.5254884389757415,0.45831558497855923,0.4606961359837952,0.7342547893432527,0.4667564952555008,0.5009775213387965,0.5095614403278237,0.4979940045072512,0.49819021468374863,0.7308398860277463,0.423165955864905,0.5096798799985207,0.6412219072156639,13065837.0,2.5164361,0.3999999999960118,0.20000000000646523,0.4000000000009348,333.2858930396079,0.0,0.0,0.0,0.0,315.89698353880846,562.0021073263985,1.800000011920929,0.0,0.0,132.6470166641107,0.0,0.0,0.0,897.0880003668332,0.0,0.0,0.0,0.0,0.0,0.0,0.0
62,0.5966273430945758,0.3744899030390515,0.8199401130437369,0.7770139784672417,0.559162175217347,0.4039212162679504,0.7256476248401517,0.597755734400921,0.5893165197991371,0.5893165198020024,0.5893165197923041,0.5893165198025488,0.44250272178815614,0.47517497672433656,0.44386509385784084,0.5853509106873963,0.411925496883997,0.616386138663393,0.4910236285401716,0.4904215142388515,0.4278796144026058,0.4715457850805108,0.4392040578205123,0.414942854052279,0.4697276844546201,0.5268329641471601,0.48825932850883286,0.414942854052279,0.4168457954422189,0.721067332501078,0.42241806689211786,0.46936571069783284,0.4774484453791908,0.46730001795725246,0.4461906493233188,0.7175539310402406,0.4119254968846279,0.46556675875215636,0.6225730144654041,14385880.0,2.3696551,0.1999999999990813,0.40000000000264185,0.3999999999985043,549.4842563171624,1.5700000524520874,0.0,0.0,10.160000205039978,501.24999871850855,265.2459649711092,6.709999993443489,8.38999992609024,0.0,385.1380016156799,1.0299999713897705,2.740000009536743,10.3577781750876,448.54400018582834,43.22000068426132,1.9500000478218067,0.0,6.930000066757202,0.0,0.0,0.0
63,0.575906638241199,0.38941711004610874,0.8200036631546382,0.8427173037013794,0.5984027226825792,0.41288054369149835,0.7302571611738011,0.6307815930399038,0.5846489169924755,0.5846489170021416,0.5846489169934583,0.5846489170158679,0.463780076665496,0.4859917689721743,0.46005607670879917,0.6050946074154164,0.4320313107535543,0.6360476458595719,0.5102084066790085,0.5177445126323833,0.44849578410748325,0.48384423902480833,0.46423311746725165,0.4353684077146452,0.48678121359288656,0.5492884821872214,0.5094880081703067,0.4353684077146452,0.4375256038069048,0.7331146267225683,0.4421117944556286,0.48676276167961247,0.4943760807977035,0.48370350194734096,0.4737027664970472,0.7284751539276956,0.4320313107522954,0.48814566800826537,0.6419102917412632,13977681.0,2.4834133,0.29999999999535737,0.4000000000049221,0.30000000000223975,373.4859993946069,1.5700000524520874,0.0,0.0,1.2200000286399946,544.2699991762638,285.35000045597553,1.800000011920929,0.0,0.0,352.818001210596,0.0,0.0,0.0,672.816000271421,7.440000295639038,1.9500000476837158,0.0,0.0,0.0,0.0,0.0
64,0.5821558304411483,0.38707550887815917,0.8234298864234065,0.8415049864903256,0.5993715492545795,0.4085542844855485,0.7351139351742869,0.6352011431692962,0.5853373807980057,0.5853373807895558,0.5853373808034,0.5853373808073434,0.4612687417276307,0.4855708200878941,0.4596812762032009,0.6022566112264532,0.43000972614871225,0.6332356915905558,0.5077358031905501,0.514958687210918,0.44670040288613927,0.4837954900724426,0.4615470450268242,0.4327619012360602,0.4841258136382374,0.5462465424997427,0.506728805263217,0.4327619012360602,0.4350085029056468,0.7314003914098454,0.4399259125482935,0.48402744170884093,0.4920801427659885,0.4808668504621573,0.47121671725289105,0.7276005274283783,0.43000972614320787,0.4857036573980291,0.6392951950959972,13932141.0,2.490203,0.30000000000717986,0.3000000000019117,0.3999999999913895,421.40859612517863,1.5700000524520874,0.0,0.0,1.2200000286399946,414.3660009238914,461.69940379526855,1.800000011920929,0.0,0.0,258.44999936227373,0.0,0.0,3.6580677133585453e-13,672.8160002979903,7.440000295639038,1.9500000476837158,0.0,0.0,0.0,0.0,0.0
65,0.5681914768033363,0.39293287311530967,0.8195098043440522,0.8710198177209609,0.6325643306130184,0.41697436286819844,0.734738312640772,0.6611903389769104,0.5790415102688954,0.5790415102719337,0.5790415103004543,0.57904151026612,0.48526996402007405,0.4823337232993444,0.45820895485657565,0.6078273470691022,0.4561676793142111,0.6368015199669702,0.5278299274734156,0.539927605660425,0.46874030576704856,0.48101096168989077,0.48887257747363966,0.45921472362636084,0.5038601678619266,0.554410381274006,0.527792494479849,0.45921472362636084,0.4615454272910719,0.7362631798541445,0.46710546082012194,0.5032631665612045,0.5112102660510913,0.5003947926454267,0.4998179747592233,0.7320349161093455,0.4326144494963756,0.5113518793177219,0.6436097670549714,13184245.0,2.5211882,0.4000000000012563,0.29999999999246735,0.30000000000667754,302.0087761410916,0.0,0.0,0.0,0.0,427.4246282229965,369.0072241439622,1.800000011920929,0.0,0.0,245.391372042382,0.0,0.0,0.0,897.0880003785952,3.3787532786566016e-11,0.0,0.0,0.0,0.0,0.0,0.0
